Location,Sample Date,Chlorophyll A,Dissolved Oxygen,Salinity,Specific Conductance,Total Nitrogen,Total Phosphorus,Turbidity
#1 HILLSBORO CANAL US 1,2006-02-28,12.1,6.98,19.4,10.351373376528244,0.83,0.086,2.4
#1 HILLSBORO CANAL US 1,2006-08-31,4.43,5.54,15.75,10.165844420499207,0.9810000000000001,0.109,1.4
#1 HILLSBORO CANAL US 1,2007-02-28,2.605,6.195,23.200000000000003,10.501904997495863,0.754,0.08349999999999999,1.65
#1 HILLSBORO CANAL US 1,2007-08-31,4.89,4.73,31.1,10.774780918479548,0.777,0.094,2.3
#1 HILLSBORO CANAL US 1,2008-02-29,5.925,5.77,12.5,9.893360688022494,1.44,0.102,2.05
#1 HILLSBORO CANAL US 1,2008-08-31,8.58,5.32,16.3,10.168654597613145,1.2200000000000002,0.118,2.1
#1 HILLSBORO CANAL US 1,2009-02-28,8.58,5.32,16.3,10.168654597613145,1.2200000000000002,0.118,2.1
#1 HILLSBORO CANAL US 1,2009-08-31,5.555,5.49,22.05,10.41559802405342,0.6925,0.109,2.3499999999999996
#1 HILLSBORO CANAL US 1,2010-02-28,3.99,4.96,23.6,10.504973704532304,0.519,0.0935,1.6
#1 HILLSBORO CANAL US 1,2010-08-31,5.97,4.99,5.5905,8.375833985504787,0.8500000000000001,0.0955,1.9
#1 HILLSBORO CANAL US 1,2011-02-28,3.3,6.08,25.450000000000003,10.588773252863454,0.5680000000000001,0.07150000000000001,1.4
#1 HILLSBORO CANAL US 1,2011-08-31,6.045,5.265000000000001,26.15,10.60726162296973,0.367,0.1055,1.65
#1 HILLSBORO CANAL US 1,2012-02-29,2.575,5.48,18.9,10.282779420458187,0.6185,0.095,1.6
#1 HILLSBORO CANAL US 1,2012-08-31,5.425000000000001,5.2,14.2,10.04872039982531,1.047,0.099,1.2
#1 HILLSBORO CANAL US 1,2013-02-28,7.58,6.0,26.85,10.590130105799254,0.439,0.078,1.9
#1 HILLSBORO CANAL US 1,2013-08-31,7.91,4.96,0.685,7.268768349037298,1.1555,0.08299999999999999,2.05
#1 HILLSBORO CANAL US 1,2014-02-28,5.775,5.375,22.15,10.472428091330531,0.583,0.113,1.475
#1 HILLSBORO CANAL US 1,2014-08-31,8.395,5.390000000000001,12.360000000000001,9.75092081950336,0.583,0.113,2.0999999999999996
#1 HILLSBORO CANAL US 1,2015-02-28,2.4,4.08,3.39,8.787220328629298,0.583,0.113,2.6
#1 HILLSBORO CANAL US 1,2015-08-31,5.296666666666667,5.466666666666666,14.993333333333332,9.702208503367592,0.71,0.072,2.1999999999999997
#1 HILLSBORO CANAL US 1,2016-02-29,3.55,7.11,0.31,6.490723534502507,0.71,0.046,1.9
#1 HILLSBORO CANAL US 1,2016-08-31,5.56,5.0649999999999995,2.66,8.444906843659147,1.7235,0.0505,1.9
#1 HILLSBORO CANAL US 1,2017-02-28,5.56,5.0649999999999995,2.66,8.444906843659147,1.7235,0.0505,1.9
#1 HILLSBORO CANAL US 1,2017-08-31,7.2299999999999995,4.68,17.066666666666666,9.901711571430742,1.7235,0.0525,2.1666666666666665
#1 HILLSBORO CANAL US 1,2018-02-28,7.2299999999999995,4.68,17.066666666666666,9.901711571430742,1.7235,0.0525,2.1666666666666665
#1 HILLSBORO CANAL US 1,2018-08-31,6.16,4.125,9.285,10.28450340895867,1.4175,0.0665,1.45
#1 HILLSBORO CANAL US 1,2019-02-28,6.16,4.125,9.285,10.28450340895867,1.4175,0.0665,1.45
#1 HILLSBORO CANAL US 1,2019-08-31,8.0,5.14,16.8,10.221941283654663,0.5046,0.128,2.2
#1 HILLSBORO CANAL US 1,2020-02-29,7.65,4.75,8.93,9.635608107380527,0.8903,0.104,1.8
#1 HILLSBORO CANAL US 1,2020-08-31,3.1,4.57,21.4,10.4341158035983,0.616,0.128,1.7
#1 HILLSBORO CANAL US 1,2021-02-28,3.9033333333333338,4.95,8.723333333333334,8.97049969219841,0.8463666666666666,0.108,1.7
#1 HILLSBORO CANAL US 1,2021-08-31,3.9033333333333338,4.95,8.723333333333334,8.97049969219841,0.8463666666666666,0.108,1.7
#1 HILLSBORO CANAL US 1,2022-02-28,6.215,4.66,11.6,9.893437216682626,0.8480000000000001,0.119,1.2
#10 MIDDLE RIVER E SUNRISE,2006-02-28,3.46,7.3,21.0,10.422281345951296,0.85,0.026,0.85
#10 MIDDLE RIVER E SUNRISE,2006-08-31,5.8549999999999995,5.74,20.5,10.400613189207812,1.09,0.047,0.925
#10 MIDDLE RIVER E SUNRISE,2007-02-28,1.37,6.695,26.05,10.615174232216784,0.7035,0.051500000000000004,0.95
#10 MIDDLE RIVER E SUNRISE,2007-08-31,2.34,5.74,26.2,10.60234574292856,0.806,0.052500000000000005,1.025
#10 MIDDLE RIVER E SUNRISE,2008-02-29,2.145,5.734999999999999,18.2,10.257382281184537,1.19,0.047,1.1749999999999998
#10 MIDDLE RIVER E SUNRISE,2008-08-31,4.6,6.04,24.15,10.520292189263248,0.841,0.0395,1.075
#10 MIDDLE RIVER E SUNRISE,2009-02-28,4.6,6.04,24.15,10.520292189263248,0.841,0.0395,1.075
#10 MIDDLE RIVER E SUNRISE,2009-08-31,1.85,5.535,22.450000000000003,10.399798525076466,0.5660000000000001,0.043,1.25
#10 MIDDLE RIVER E SUNRISE,2010-02-28,1.9100000000000001,4.916666666666667,19.133333333333336,10.332136790311592,0.797,0.04533333333333334,1.4666666666666666
#10 MIDDLE RIVER E SUNRISE,2010-08-31,2.98,5.23,14.129999999999999,9.894583743211145,0.7125,0.0335,0.85
#10 MIDDLE RIVER E SUNRISE,2011-02-28,1.79,6.35,22.95,10.47949298523253,0.6194999999999999,0.0465,0.9500000000000001
#10 MIDDLE RIVER E SUNRISE,2011-08-31,2.135,5.805,29.25,10.718301412370336,0.27899999999999997,0.053,1.0
#10 MIDDLE RIVER E SUNRISE,2012-02-29,2.9699999999999998,6.255,29.2,10.716438371768511,0.5920000000000001,0.052,1.2
#10 MIDDLE RIVER E SUNRISE,2012-08-31,4.32,5.785,18.0,10.279077658441405,0.5914999999999999,0.044,0.8
#10 MIDDLE RIVER E SUNRISE,2013-02-28,1.41,6.48,30.200000000000003,10.7354269265923,0.34650000000000003,0.051000000000000004,0.9
#10 MIDDLE RIVER E SUNRISE,2013-08-31,4.98,5.6850000000000005,13.799999999999999,10.017156523808033,0.7675000000000001,0.043,1.05
#10 MIDDLE RIVER E SUNRISE,2014-02-28,4.015000000000001,5.91,17.66,10.252083216018612,0.882,0.045,0.875
#10 MIDDLE RIVER E SUNRISE,2014-08-31,4.93,6.13,19.1,10.261754095597075,0.882,0.045,0.95
#10 MIDDLE RIVER E SUNRISE,2015-02-28,2.41,5.39,18.4,10.294684688846587,0.882,0.045,0.95
#10 MIDDLE RIVER E SUNRISE,2015-08-31,2.73,5.32,27.733333333333334,10.67155774293222,0.402,0.044,0.9500000000000001
#10 MIDDLE RIVER E SUNRISE,2016-02-29,1.27,5.34,20.1,10.376611309118108,0.697,0.102,0.9
#10 MIDDLE RIVER E SUNRISE,2016-08-31,8.263333333333334,6.116666666666667,18.133333333333336,10.263287691483312,0.8565,0.08566666666666667,0.8833333333333333
#10 MIDDLE RIVER E SUNRISE,2017-02-28,2.09,5.75,27.9,10.675907913990581,0.8565,0.08566666666666667,0.85
#10 MIDDLE RIVER E SUNRISE,2017-08-31,4.57,4.3533333333333335,24.0,10.512153982097708,0.8565,0.017,1.4666666666666668
#10 MIDDLE RIVER E SUNRISE,2018-02-28,2.25,5.96,27.5,10.666627104916108,0.8565,0.017,1.2
#10 MIDDLE RIVER E SUNRISE,2018-08-31,8.355,5.335,10.190000000000001,9.698920386794853,0.631,0.052500000000000005,1.35
#10 MIDDLE RIVER E SUNRISE,2019-02-28,8.355,5.335,10.190000000000001,9.698920386794853,0.631,0.052500000000000005,1.35
#10 MIDDLE RIVER E SUNRISE,2019-08-31,2.55,6.095000000000001,27.1,10.652181756848867,0.40225,0.094,1.1
#10 MIDDLE RIVER E SUNRISE,2020-02-29,3.105,4.545,18.45,10.35010094867393,0.7292000000000001,0.0895,1.075
#10 MIDDLE RIVER E SUNRISE,2020-08-31,3.105,4.545,18.45,10.35010094867393,0.7292000000000001,0.0895,1.075
#10 MIDDLE RIVER E SUNRISE,2021-02-28,1.7000000000000002,5.246666666666667,16.066666666666666,10.136679874242926,0.7281666666666666,0.05366666666666667,1.0166666666666668
#10 MIDDLE RIVER E SUNRISE,2021-08-31,3.17,5.246666666666667,16.066666666666666,10.136679874242926,0.34,0.141,1.8
#10 MIDDLE RIVER E SUNRISE,2022-02-28,1.35,5.35,21.1,10.425253116340453,0.544,0.073,0.8
#110 POMPANO CANAL AT DIXIE AN,2006-02-28,13.0,7.75,0.27,6.324358962381311,0.746,0.029,1.8
#110 POMPANO CANAL AT DIXIE AN,2006-08-31,11.2,6.38,0.23,6.161207321695077,0.398,0.034,1.5
#110 POMPANO CANAL AT DIXIE AN,2007-02-28,11.3,7.32,0.24,6.226536669287466,0.697,0.026,2.2
#110 POMPANO CANAL AT DIXIE AN,2007-08-31,14.6,6.97,0.23,6.1675164908883415,0.564,0.051,3.1
#110 POMPANO CANAL AT DIXIE AN,2008-02-29,14.6,6.97,0.23,6.1675164908883415,0.564,0.051,3.1
#110 POMPANO CANAL AT DIXIE AN,2008-08-31,11.1,5.43,0.25,6.255750041753367,0.749,0.053,1.7
#110 POMPANO CANAL AT DIXIE AN,2009-02-28,11.1,5.43,0.25,6.255750041753367,0.749,0.053,1.7
#110 POMPANO CANAL AT DIXIE AN,2009-08-31,5.06,7.4,0.4,6.693323668269949,1.83,0.053,1.4
#110 POMPANO CANAL AT DIXIE AN,2010-02-28,3.39,5.71,0.23,6.171700597410915,1.2,0.081,2.3
#110 POMPANO CANAL AT DIXIE AN,2010-08-31,5.625,2.775,0.25,6.235171392485649,1.22,0.1,1.9
#110 POMPANO CANAL AT DIXIE AN,2011-02-28,1.83,9.1,0.24,6.208590026096629,1.16,0.041,1.9
#110 POMPANO CANAL AT DIXIE AN,2011-08-31,1.74,8.64,0.22,6.144185634125646,0.915,0.019,0.55
#110 POMPANO CANAL AT DIXIE AN,2012-02-29,5.53,7.13,0.2,6.049733455231958,1.16,0.033,2.0
#110 POMPANO CANAL AT DIXIE AN,2012-08-31,8.105,4.32,0.2,6.024943281170422,0.9595,0.0645,1.2999999999999998
#110 POMPANO CANAL AT DIXIE AN,2013-02-28,2.26,5.98,0.25,6.228998999134918,1.35,0.043,0.925
#110 POMPANO CANAL AT DIXIE AN,2013-08-31,10.04,5.245,0.225,6.143042291749779,1.022,0.098,2.0
#110 POMPANO CANAL AT DIXIE AN,2014-02-28,10.04,5.18,0.32,6.492239835020471,1.022,0.098,1.7
#110 POMPANO CANAL AT DIXIE AN,2014-08-31,7.94,4.84,0.295,6.399124829366793,1.022,0.098,1.35
#110 POMPANO CANAL AT DIXIE AN,2015-02-28,2.56,2.5,0.23,6.182084906716632,1.022,0.098,1.2
#110 POMPANO CANAL AT DIXIE AN,2015-08-31,4.666666666666667,6.706666666666667,0.3333333333333333,6.526754824762651,1.409,0.101,1.0166666666666668
#110 POMPANO CANAL AT DIXIE AN,2016-02-29,4.666666666666667,3.58,0.22,6.118097198041348,1.01,0.071,1.0166666666666668
#110 POMPANO CANAL AT DIXIE AN,2016-08-31,6.79,4.383333333333334,0.26333333333333336,6.2925385219617525,1.4515,0.066,1.0333333333333334
#110 POMPANO CANAL AT DIXIE AN,2017-02-28,6.75,4.79,0.31,6.455198563340122,1.1,0.057,1.2
#110 POMPANO CANAL AT DIXIE AN,2017-08-31,4.39,6.203333333333333,0.25333333333333335,6.270048779915335,1.1,0.0635,1.3666666666666665
#110 POMPANO CANAL AT DIXIE AN,2018-02-28,12.8,6.41,0.29,6.3835066348840055,1.1,0.0635,2.6
#110 POMPANO CANAL AT DIXIE AN,2018-08-31,7.43,3.46,0.29,6.073044534100405,0.874,0.099,1.5
#110 POMPANO CANAL AT DIXIE AN,2019-02-28,5.86,3.77,0.27,6.317164686747284,0.874,0.05,2.0
#110 POMPANO CANAL AT DIXIE AN,2019-08-31,5.39,5.975,0.275,6.333706932098628,0.54605,0.040999999999999995,2.0
#110 POMPANO CANAL AT DIXIE AN,2020-02-29,6.02,3.95,0.23,6.144185634125646,0.8647,0.061,1.7
#110 POMPANO CANAL AT DIXIE AN,2020-08-31,8.92,2.89,0.18,6.194405391104672,0.786,0.12,0.0
#110 POMPANO CANAL AT DIXIE AN,2021-02-28,9.846666666666666,4.866666666666666,0.21333333333333335,6.105690564527781,0.8493333333333334,0.06933333333333333,2.3666666666666667
#110 POMPANO CANAL AT DIXIE AN,2021-08-31,9.275,5.0,0.24,6.20455776256869,1.05,0.058499999999999996,1.65
#110 POMPANO CANAL AT DIXIE AN,2022-02-28,8.61,3.66,0.22,6.115892125483034,0.787,0.075,1.6
#111 S. FORK MID R. @ N.E. 15,2006-02-28,12.7,8.56,7.81,9.539644119118783,1.01,0.031,1.6
#111 S. FORK MID R. @ N.E. 15,2006-08-31,12.7,8.56,7.81,9.539644119118783,1.01,0.031,1.6
#111 S. FORK MID R. @ N.E. 15,2007-02-28,2.17,6.0649999999999995,15.55,10.134095114142458,0.9145,0.058,1.025
#111 S. FORK MID R. @ N.E. 15,2007-08-31,8.97,4.975,17.85,10.185789217259359,1.097,0.07,1.225
#111 S. FORK MID R. @ N.E. 15,2008-02-29,3.425,4.76,10.91,9.827974353129505,1.28,0.071,1.2999999999999998
#111 S. FORK MID R. @ N.E. 15,2008-08-31,10.68,4.865,13.16,9.696116044991655,1.158,0.05450000000000001,1.4500000000000002
#111 S. FORK MID R. @ N.E. 15,2009-02-28,10.68,4.865,13.16,9.696116044991655,1.158,0.05450000000000001,1.4500000000000002
#111 S. FORK MID R. @ N.E. 15,2009-08-31,1.71,6.5,26.2,10.621327345686446,0.448,0.05450000000000001,1.0
#111 S. FORK MID R. @ N.E. 15,2010-02-28,3.665,5.36,12.120000000000001,9.848580119532524,0.7855,0.0465,1.1749999999999998
#111 S. FORK MID R. @ N.E. 15,2010-08-31,7.265000000000001,5.215,5.153,8.47654477787325,0.8380000000000001,0.043,1.9500000000000002
#111 S. FORK MID R. @ N.E. 15,2011-02-28,2.5700000000000003,5.505,13.84,10.01094242572968,0.8705,0.0525,0.925
#111 S. FORK MID R. @ N.E. 15,2011-08-31,9.055,6.63,23.450000000000003,10.518092138283134,0.421,0.0685,1.25
#111 S. FORK MID R. @ N.E. 15,2012-02-29,4.23,5.165,11.6,9.460227765765636,0.9380000000000001,0.056,1.05
#111 S. FORK MID R. @ N.E. 15,2012-08-31,3.69,5.29,6.34,9.358760377094455,1.03,0.072,1.3
#111 S. FORK MID R. @ N.E. 15,2013-02-28,2.65,6.055,22.549999999999997,10.469269246940026,0.5309999999999999,0.062,1.2
#111 S. FORK MID R. @ N.E. 15,2013-08-31,8.95,3.76,2.06,8.283999304248526,1.223,0.057,1.7
#111 S. FORK MID R. @ N.E. 15,2014-02-28,4.12,4.695,11.585,9.34490373796113,1.012,0.045,1.05
#111 S. FORK MID R. @ N.E. 15,2014-08-31,10.04,5.015000000000001,8.71,9.015901402486767,1.012,0.045,1.65
#111 S. FORK MID R. @ N.E. 15,2015-02-28,2.58,4.14,6.71,9.381937965407161,1.012,0.045,1.3
#111 S. FORK MID R. @ N.E. 15,2015-08-31,9.366666666666667,4.966666666666667,19.866666666666664,10.372648666922315,0.541,0.037,1.5666666666666667
#111 S. FORK MID R. @ N.E. 15,2016-02-29,1.63,4.26,5.935,9.106021979419438,0.976,0.07450000000000001,1.4
#111 S. FORK MID R. @ N.E. 15,2016-08-31,5.203333333333333,5.97,9.553333333333333,9.416960406026172,0.9730000000000001,0.055999999999999994,1.4000000000000001
#111 S. FORK MID R. @ N.E. 15,2017-02-28,1.83,4.0,19.2,10.344963098167325,0.66,0.038,0.75
#111 S. FORK MID R. @ N.E. 15,2017-08-31,9.286666666666667,5.303333333333334,16.623333333333335,9.94551071813517,0.66,0.028333333333333335,1.9666666666666666
#111 S. FORK MID R. @ N.E. 15,2018-02-28,9.93,5.5,17.5,10.264652401747712,0.66,0.028333333333333335,2.5
#111 S. FORK MID R. @ N.E. 15,2018-08-31,12.8,4.05,2.69,8.52912176228151,0.66,0.092,1.1
#111 S. FORK MID R. @ N.E. 15,2019-02-28,6.96,4.45,18.5,10.308952660644293,0.66,0.109,1.3
#111 S. FORK MID R. @ N.E. 15,2019-08-31,6.116666666666667,4.55,14.333333333333334,9.8797090027483,0.5898,0.066,1.4333333333333333
#111 S. FORK MID R. @ N.E. 15,2020-02-29,2.82,3.85,11.0,9.820105943597078,0.884,0.073,1.3
#111 S. FORK MID R. @ N.E. 15,2020-08-31,2.82,3.85,11.0,9.820105943597078,0.884,0.073,1.3
#111 S. FORK MID R. @ N.E. 15,2021-02-28,5.96,4.15,0.9950000000000001,7.403580524803792,1.0375999999999999,0.0475,1.75
#111 S. FORK MID R. @ N.E. 15,2021-08-31,7.946666666666666,5.645,13.100000000000001,9.996395275560234,0.5343333333333333,0.08433333333333333,1.2333333333333334
#111 S. FORK MID R. @ N.E. 15,2022-02-28,1.65,4.28,6.13,9.305650551780507,0.906,0.045,1.4
#12 MIDDLE RIVER NW 31ST AVE,2006-02-28,1.275,7.8100000000000005,0.3,6.431331081933479,1.355,0.00825,0.55
#12 MIDDLE RIVER NW 31ST AVE,2006-08-31,1.545,5.6525,0.2775,6.3604082913350295,0.88625,0.0135,0.95
#12 MIDDLE RIVER NW 31ST AVE,2007-02-28,0.4775,8.29,0.3,6.410174881966167,1.14,0.011,0.5
#12 MIDDLE RIVER NW 31ST AVE,2007-08-31,1.945,6.800000000000001,0.3,6.439287847414386,1.25,0.0125,1.225
#12 MIDDLE RIVER NW 31ST AVE,2008-02-29,1.295,7.085,0.305,6.452017855538988,1.56,0.0045,1.025
#12 MIDDLE RIVER NW 31ST AVE,2008-08-31,1.21,7.65,0.33,6.52795791762255,1.54,0.015,0.5
#12 MIDDLE RIVER NW 31ST AVE,2009-02-28,1.21,7.65,0.33,6.52795791762255,1.54,0.015,0.5
#12 MIDDLE RIVER NW 31ST AVE,2009-08-31,1.4066666666666665,5.176666666666667,0.26333333333333336,6.317476396963403,1.18,0.0118,0.75
#12 MIDDLE RIVER NW 31ST AVE,2010-02-28,1.335,6.32,0.275,6.359478075202804,1.26,0.0076,0.65
#12 MIDDLE RIVER NW 31ST AVE,2010-08-31,2.03,5.79,0.26,6.287602832195468,0.989,0.0076,0.9
#12 MIDDLE RIVER NW 31ST AVE,2011-02-28,1.3399999999999999,6.539999999999999,0.28500000000000003,6.3753802100978225,1.33,0.0115,1.0
#12 MIDDLE RIVER NW 31ST AVE,2011-08-31,4.63,6.6850000000000005,0.28500000000000003,6.391078890228976,1.0899999999999999,0.020999999999999998,0.45
#12 MIDDLE RIVER NW 31ST AVE,2012-02-29,2.92,6.06,0.28,6.375024819828097,1.66,0.022,1.2
#12 MIDDLE RIVER NW 31ST AVE,2012-08-31,6.855,5.865,0.265,6.311629396544517,1.2850000000000001,0.022,1.6
#12 MIDDLE RIVER NW 31ST AVE,2013-02-28,1.635,7.335,0.275,6.3366111028965015,1.37,0.0235,0.625
#12 MIDDLE RIVER NW 31ST AVE,2013-08-31,5.43,4.91,0.25,6.26530121273771,1.164,0.02,1.5
#12 MIDDLE RIVER NW 31ST AVE,2014-02-28,2.165,4.71,0.28500000000000003,6.365415379913161,1.437,0.014,1.25
#12 MIDDLE RIVER NW 31ST AVE,2014-08-31,5.19,4.3,0.27,6.324358962381311,1.437,0.014,1.6
#12 MIDDLE RIVER NW 31ST AVE,2015-02-28,1.05,4.77,0.3,6.432940092739179,1.437,0.014,0.85
#12 MIDDLE RIVER NW 31ST AVE,2015-08-31,1.4566666666666663,6.203333333333333,0.3066666666666667,6.449160589561193,1.41,0.0,1.4666666666666668
#12 MIDDLE RIVER NW 31ST AVE,2016-02-29,2.93,6.119999999999999,0.30500000000000005,6.449293562988805,1.625,0.0435,1.1
#12 MIDDLE RIVER NW 31ST AVE,2016-08-31,5.256666666666667,6.216666666666666,0.2833333333333334,6.381939104723635,1.3075,0.018333333333333337,1.366666666666667
#12 MIDDLE RIVER NW 31ST AVE,2017-02-28,1.07,6.14,0.29,6.398594934535208,1.27,0.006,0.45
#12 MIDDLE RIVER NW 31ST AVE,2017-08-31,3.1485,6.03,0.26,6.300299066799976,1.27,0.017,1.25
#12 MIDDLE RIVER NW 31ST AVE,2018-02-28,1.46,7.28,0.27,6.311734809152915,1.27,0.017,0.6
#12 MIDDLE RIVER NW 31ST AVE,2018-08-31,6.550000000000001,3.75,0.245,6.254586373480155,1.318,0.01,1.4500000000000002
#12 MIDDLE RIVER NW 31ST AVE,2019-02-28,0.988,5.76,0.26,6.284134161070802,1.383,0.0,0.5
#12 MIDDLE RIVER NW 31ST AVE,2019-08-31,1.6036666666666666,6.213333333333334,0.2733333333333334,6.3480549517595755,1.0407666666666666,0.005333333333333333,0.75
#12 MIDDLE RIVER NW 31ST AVE,2020-02-29,1.285,6.55,0.295,6.422194351004631,1.3356,-0.0075,0.525
#12 MIDDLE RIVER NW 31ST AVE,2020-08-31,10.3,5.93,0.21,6.082218910376446,0.931,0.02,1.9
#12 MIDDLE RIVER NW 31ST AVE,2021-02-28,3.7249999999999996,4.535,0.235,6.166803986314617,1.1041500000000002,0.0215,1.225
#12 MIDDLE RIVER NW 31ST AVE,2021-08-31,3.2166666666666663,6.345,0.245,6.224556468679417,0.9256666666666667,0.009666666666666667,1.1333333333333333
#12 MIDDLE RIVER NW 31ST AVE,2022-02-28,1.83,5.18,0.24,6.194405391104672,1.07,0.009,0.85
#15 NEW RIVER ANDREWS AVE,2006-02-28,7.005,6.215,2.935,8.679312040892672,1.88,0.0215,1.7
#15 NEW RIVER ANDREWS AVE,2006-08-31,3.6950000000000003,4.96,21.0,10.410667920646386,1.33,0.036500000000000005,1.1
#15 NEW RIVER ANDREWS AVE,2007-02-28,1.7349999999999999,6.495,21.1,10.34303633346882,1.0245,0.0415,1.4
#15 NEW RIVER ANDREWS AVE,2007-08-31,2.6100000000000003,5.68,20.625,10.10274136630646,1.3495,0.0545,1.5
#15 NEW RIVER ANDREWS AVE,2008-02-29,1.6099999999999999,5.845,20.4,10.39325644975512,1.5,0.04,1.4
#15 NEW RIVER ANDREWS AVE,2008-08-31,2.6799999999999997,5.475,18.85,10.297090841767437,1.12,0.037,1.85
#15 NEW RIVER ANDREWS AVE,2009-02-28,2.6799999999999997,5.475,18.85,10.297090841767437,1.12,0.037,1.85
#15 NEW RIVER ANDREWS AVE,2009-08-31,6.74,5.824999999999999,23.15,10.499197221663287,0.6455,0.047,1.8499999999999999
#15 NEW RIVER ANDREWS AVE,2010-02-28,2.5966666666666662,4.583333333333333,5.206666666666667,9.150860431812836,1.1633333333333333,0.03866666666666666,1.7999999999999998
#15 NEW RIVER ANDREWS AVE,2010-08-31,1.43,5.2,4.82,9.111624399037025,1.18,0.035,1.4
#15 NEW RIVER ANDREWS AVE,2011-02-28,6.47,6.605,25.6,10.590977853145937,0.648,0.036,1.4
#15 NEW RIVER ANDREWS AVE,2011-08-31,2.64,4.575,20.4,10.385103336557416,0.6255,0.055,1.65
#15 NEW RIVER ANDREWS AVE,2012-02-29,1.21,6.305,22.45,10.473396657275746,0.6890000000000001,0.05,0.95
#15 NEW RIVER ANDREWS AVE,2012-08-31,2.7,5.615,23.85,10.531978864855905,0.5375000000000001,0.045,1.025
#15 NEW RIVER ANDREWS AVE,2013-02-28,1.425,6.5,32.2,10.795012965283927,0.26949999999999996,0.04,1.35
#15 NEW RIVER ANDREWS AVE,2013-08-31,6.08,5.045,8.53,9.341349397324315,1.0575,0.0485,1.8
#15 NEW RIVER ANDREWS AVE,2014-02-28,3.9050000000000002,5.135,13.67,9.616085401713605,1.479,0.035,1.3
#15 NEW RIVER ANDREWS AVE,2014-08-31,3.0949999999999998,4.495,13.7,9.932225505086592,1.479,0.035,1.35
#15 NEW RIVER ANDREWS AVE,2015-02-28,2.41,3.0,3.58,8.79346036105272,1.479,0.035,1.3
#15 NEW RIVER ANDREWS AVE,2015-08-31,2.39,4.903333333333333,22.833333333333332,10.450814486384683,0.6493333333333334,0.03233333333333333,1.0
#15 NEW RIVER ANDREWS AVE,2016-02-29,0.72,4.2,6.800000000000001,9.350638888340459,1.325,0.0555,0.8
#15 NEW RIVER ANDREWS AVE,2016-08-31,4.543333333333334,4.746666666666667,3.8666666666666667,8.533130553418536,1.416,0.036333333333333336,1.3
#15 NEW RIVER ANDREWS AVE,2017-02-28,2.26,3.75,12.9,9.980448593672257,1.416,0.036333333333333336,1.0
#15 NEW RIVER ANDREWS AVE,2017-08-31,4.3500000000000005,5.1433333333333335,14.036666666666667,9.937075562698391,1.416,0.074,1.9000000000000001
#15 NEW RIVER ANDREWS AVE,2018-02-28,9.05,6.72,24.8,10.573877745973457,1.416,0.074,2.5
#15 NEW RIVER ANDREWS AVE,2018-08-31,9.05,6.72,24.8,10.573877745973457,1.416,0.074,2.5
#15 NEW RIVER ANDREWS AVE,2019-02-28,9.05,6.72,24.8,10.573877745973457,1.416,0.074,2.5
#15 NEW RIVER ANDREWS AVE,2019-08-31,4.252,4.608,14.368,9.76534517024886,0.74654,0.0616,1.52
#15 NEW RIVER ANDREWS AVE,2020-02-29,2.2169999999999996,4.686,15.138,9.862602170910744,0.7658400000000001,0.07239999999999999,1.42
#15 NEW RIVER ANDREWS AVE,2020-08-31,2.66,5.043333333333333,18.080000000000002,9.894965479301227,0.764,0.07366666666666667,1.3
#15 NEW RIVER ANDREWS AVE,2021-02-28,2.04,3.846666666666667,5.276666666666666,8.271286123032928,1.05925,0.06733333333333334,1.4333333333333333
#15 NEW RIVER ANDREWS AVE,2021-08-31,2.38,5.67,23.9,10.542706391070517,0.5569999999999999,0.1015,0.875
#15 NEW RIVER ANDREWS AVE,2022-02-28,0.68,5.84,28.7,10.700994748420316,0.343,0.134,1.3
#17 PLANTATION CANAL @ S-33,2006-02-28,0.68,5.84,28.7,10.700994748420316,0.343,0.134,1.4
#17 PLANTATION CANAL @ S-33,2006-08-31,0.68,5.84,28.7,10.700994748420316,0.343,0.134,0.85
#17 PLANTATION CANAL @ S-33,2007-02-28,0.68,5.84,28.7,10.700994748420316,0.343,0.134,0.625
#17 PLANTATION CANAL @ S-33,2007-08-31,0.68,5.84,28.7,10.700994748420316,0.343,0.134,0.6499999999999999
#17 PLANTATION CANAL @ S-33,2008-02-29,0.68,5.84,28.7,10.700994748420316,0.343,0.134,1.025
#17 PLANTATION CANAL @ S-33,2008-08-31,0.68,5.84,28.7,10.700994748420316,0.343,0.134,0.5
#17 PLANTATION CANAL @ S-33,2009-02-28,0.68,5.84,28.7,10.700994748420316,0.343,0.134,0.5
#17 PLANTATION CANAL @ S-33,2009-08-31,0.68,5.84,28.7,10.700994748420316,0.343,0.134,1.2
#17 PLANTATION CANAL @ S-33,2010-02-28,0.68,5.84,28.7,10.700994748420316,0.343,0.134,1.4
#17 PLANTATION CANAL @ S-33,2010-08-31,0.68,5.84,28.7,10.700994748420316,0.343,0.134,2.15
#17 PLANTATION CANAL @ S-33,2011-02-28,0.68,5.84,28.7,10.700994748420316,0.343,0.134,1.4
#17 PLANTATION CANAL @ S-33,2011-08-31,0.68,5.84,28.7,10.700994748420316,0.343,0.134,0.75
#17 PLANTATION CANAL @ S-33,2012-02-29,0.68,5.84,28.7,10.700994748420316,0.343,0.134,1.0750000000000002
#17 PLANTATION CANAL @ S-33,2012-08-31,0.68,5.84,28.7,10.700994748420316,0.343,0.134,1.35
#17 PLANTATION CANAL @ S-33,2013-02-28,0.68,5.84,28.7,10.700994748420316,0.343,0.134,0.75
#17 PLANTATION CANAL @ S-33,2013-08-31,0.68,5.84,28.7,10.700994748420316,0.343,0.134,0.7
#17 PLANTATION CANAL @ S-33,2014-02-28,0.68,5.84,28.7,10.700994748420316,0.343,0.134,0.7
#17 PLANTATION CANAL @ S-33,2014-08-31,0.68,5.84,28.7,10.700994748420316,0.343,0.134,0.7
#17 PLANTATION CANAL @ S-33,2015-02-28,0.68,5.84,28.7,10.700994748420316,0.343,0.134,2.0
#17 PLANTATION CANAL @ S-33,2015-08-31,0.68,5.84,28.7,10.700994748420316,0.343,0.134,2.0
#17 PLANTATION CANAL @ S-33,2016-02-29,0.68,5.84,28.7,10.700994748420316,0.343,0.134,2.0
#17 PLANTATION CANAL @ S-33,2016-08-31,0.68,5.84,28.7,10.700994748420316,0.343,0.134,2.0
#17 PLANTATION CANAL @ S-33,2017-02-28,0.68,5.84,28.7,10.700994748420316,0.343,0.134,2.0
#17 PLANTATION CANAL @ S-33,2017-08-31,0.68,5.84,28.7,10.700994748420316,0.343,0.134,2.0
#17 PLANTATION CANAL @ S-33,2018-02-28,0.68,5.84,28.7,10.700994748420316,0.343,0.134,2.0
#17 PLANTATION CANAL @ S-33,2018-08-31,0.68,5.84,28.7,10.700994748420316,0.343,0.134,2.0
#17 PLANTATION CANAL @ S-33,2019-02-28,0.68,5.84,28.7,10.700994748420316,0.343,0.134,2.0
#17 PLANTATION CANAL @ S-33,2019-08-31,5.44,3.01,0.23,6.1903154058531475,0.8777,0.04,1.6
#17 PLANTATION CANAL @ S-33,2020-02-29,3.16,7.49,0.18,5.958424693029782,0.603,0.004,1.8
#17 PLANTATION CANAL @ S-33,2020-08-31,3.16,7.49,0.18,5.958424693029782,0.603,0.004,1.8
#17 PLANTATION CANAL @ S-33,2021-02-28,0.931,3.7,0.22,6.111467339502679,0.9111,0.068,2.1
#17 PLANTATION CANAL @ S-33,2021-08-31,0.931,3.7,0.22,6.111467339502679,0.9111,0.068,2.1
#17 PLANTATION CANAL @ S-33,2022-02-28,5.45,4.53,0.2,6.035481432524756,0.813,0.046,2.0
#19 NEW RIVER RIVER REACH,2006-02-28,2.18,6.1,0.907,7.749322464660356,1.9,0.019,1.1
#19 NEW RIVER RIVER REACH,2006-08-31,8.42,5.785,5.845000000000001,9.261257524916816,1.6400000000000001,0.032,1.025
#19 NEW RIVER RIVER REACH,2007-02-28,2.62,6.355,12.7,9.963267170064949,1.4,0.0455,1.4
#19 NEW RIVER RIVER REACH,2007-08-31,3.995,5.375,16.77,9.944848648321727,1.377,0.0635,1.3
#19 NEW RIVER RIVER REACH,2008-02-29,2.0,5.765000000000001,7.445,9.430666399741622,1.83,0.041,1.4
#19 NEW RIVER RIVER REACH,2008-08-31,4.92,5.52,9.9,9.162646280552941,1.625,0.041499999999999995,1.6
#19 NEW RIVER RIVER REACH,2009-02-28,4.92,5.52,9.9,9.162646280552941,1.625,0.041499999999999995,1.6
#19 NEW RIVER RIVER REACH,2009-08-31,3.21,3.94,2.92,8.675904882571059,1.22,0.044,1.5
#19 NEW RIVER RIVER REACH,2010-02-28,3.266666666666667,4.739999999999999,2.9873333333333334,8.481492959563022,1.29,0.049999999999999996,1.15
#19 NEW RIVER RIVER REACH,2010-08-31,3.01,5.24,0.213,6.966024187106113,1.46,0.03,1.15
#19 NEW RIVER RIVER REACH,2011-02-28,2.24,4.52,6.39,9.358760377094455,1.29,0.05,1.4
#19 NEW RIVER RIVER REACH,2011-08-31,5.445,4.79,19.3,10.328616433170986,0.7284999999999999,0.0505,1.0
#19 NEW RIVER RIVER REACH,2012-02-29,2.225,6.035,12.205,9.858114745882755,1.097,0.055,0.975
#19 NEW RIVER RIVER REACH,2012-08-31,3.8850000000000002,5.125,9.51,9.693071259916485,1.013,0.042499999999999996,0.9
#19 NEW RIVER RIVER REACH,2013-02-28,2.03,5.875,24.4,10.56067186331028,0.589,0.055,1.15
#19 NEW RIVER RIVER REACH,2013-08-31,5.13,4.29,1.815,8.021793799391629,1.3775,0.036500000000000005,1.2999999999999998
#19 NEW RIVER RIVER REACH,2014-02-28,10.065000000000001,5.29,4.45,8.591720334755141,1.713,0.043,1.75
#19 NEW RIVER RIVER REACH,2014-08-31,3.3899999999999997,4.405,9.355,8.70982439181156,1.713,0.043,1.25
#19 NEW RIVER RIVER REACH,2015-02-28,3.12,3.12,2.92,8.60300384782935,1.713,0.043,1.1
#19 NEW RIVER RIVER REACH,2015-08-31,3.0400000000000005,4.55,15.566666666666668,10.124065522487529,0.788,0.031,0.8333333333333334
#19 NEW RIVER RIVER REACH,2016-02-29,0.87,4.6,8.92,9.642122788401721,1.19,0.064,0.8
#19 NEW RIVER RIVER REACH,2016-08-31,4.226666666666667,4.5633333333333335,2.1733333333333333,8.035258902740706,1.627,0.03466666666666667,1.2
#19 NEW RIVER RIVER REACH,2017-02-28,1.93,3.76,10.1,9.75846178048587,1.627,0.03466666666666667,0.85
#19 NEW RIVER RIVER REACH,2017-08-31,6.423333333333333,5.153333333333333,9.75,9.275041003752678,1.627,0.04,1.5666666666666667
#19 NEW RIVER RIVER REACH,2018-02-28,11.8,6.62,21.0,10.507803519389457,1.627,0.04,2.4
#19 NEW RIVER RIVER REACH,2018-08-31,9.495000000000001,4.1274999999999995,1.5325,7.920970112039192,1.2890000000000001,0.0335,1.9666666666666668
#19 NEW RIVER RIVER REACH,2019-02-28,9.495000000000001,4.1274999999999995,1.5325,7.920970112039192,1.2890000000000001,0.0335,1.9666666666666668
#19 NEW RIVER RIVER REACH,2019-08-31,5.866,4.494,8.736,8.867055300851964,0.91502,0.0486,1.6800000000000002
#19 NEW RIVER RIVER REACH,2020-02-29,2.9183333333333334,4.246,8.294,9.207035176448835,0.9564,0.06183333333333333,1.45
#19 NEW RIVER RIVER REACH,2020-08-31,3.234,4.2316666666666665,9.265,9.172624058857124,0.938,0.05983333333333333,1.2416666666666667
#19 NEW RIVER RIVER REACH,2021-02-28,1.78,3.1733333333333333,0.9500000000000001,7.373661975045173,1.2999,0.042,1.3666666666666665
#19 NEW RIVER RIVER REACH,2021-08-31,4.1433333333333335,4.42,9.72,9.611565329701381,0.8963333333333333,0.07866666666666666,0.8166666666666668
#19 NEW RIVER RIVER REACH,2022-02-28,0.82,4.12,8.82,9.622450022803015,0.938,0.05,0.85
#22 N NEW RIVER SW 125 AVE,2006-02-28,3.89,3.01,0.37,6.626717749249025,1.62,0.011,1.0
#22 N NEW RIVER SW 125 AVE,2006-08-31,4.94,2.035,0.345,6.567195378808524,1.17,0.006749999999999999,1.2
#22 N NEW RIVER SW 125 AVE,2007-02-28,2.455,4.17,0.36,6.6065917459678944,1.8050000000000002,0.00825,0.925
#22 N NEW RIVER SW 125 AVE,2007-08-31,5.26,6.27,0.35,6.584791392385716,1.86,0.019,1.5
#22 N NEW RIVER SW 125 AVE,2008-02-29,7.2,4.925000000000001,0.355,6.587521555120883,1.95,0.03,2.1
#22 N NEW RIVER SW 125 AVE,2008-08-31,5.495,3.415,0.365,6.6213896940909756,1.86,0.036,1.5
#22 N NEW RIVER SW 125 AVE,2009-02-28,5.495,3.415,0.365,6.6213896940909756,1.86,0.036,1.5
#22 N NEW RIVER SW 125 AVE,2009-08-31,1.49,5.34,0.35,6.580639137284949,1.64,0.036,0.85
#22 N NEW RIVER SW 125 AVE,2010-02-28,3.825,1.88,0.295,6.424489304826686,1.62,0.0133,1.1
#22 N NEW RIVER SW 125 AVE,2010-08-31,4.89,1.5899999999999999,0.335,6.545954146811229,1.69,0.0153,1.2
#22 N NEW RIVER SW 125 AVE,2011-02-28,2.535,2.3,0.315,6.479474965148943,1.71,0.0078,0.85
#22 N NEW RIVER SW 125 AVE,2011-08-31,4.345000000000001,2.54,0.33,6.530213134827463,1.56,0.0145,2.05
#22 N NEW RIVER SW 125 AVE,2012-02-29,2.96,3.24,0.33999999999999997,6.545906722077339,1.83,0.0165,2.0
#22 N NEW RIVER SW 125 AVE,2012-08-31,5.33,1.46,0.33999999999999997,6.492239835020471,1.58,0.016,1.4
#22 N NEW RIVER SW 125 AVE,2013-02-28,1.6,3.61,0.29000000000000004,6.3957838990165925,1.575,0.025500000000000002,1.1
#22 N NEW RIVER SW 125 AVE,2013-08-31,4.485,2.42,0.29000000000000004,6.406820075499384,1.496,0.022,1.2000000000000002
#22 N NEW RIVER SW 125 AVE,2014-02-28,2.06,3.435,0.32499999999999996,6.507204193948461,1.653,0.017,0.8500000000000001
#22 N NEW RIVER SW 125 AVE,2014-08-31,5.155,4.13,0.33,6.5316038380977846,1.653,0.017,1.2
#22 N NEW RIVER SW 125 AVE,2015-02-28,1.44,3.7,0.3,6.421622267806518,1.653,0.017,2.4
#22 N NEW RIVER SW 125 AVE,2015-08-31,5.476666666666667,3.84,0.3466666666666667,6.582451888463648,1.503,0.032,1.2666666666666666
#22 N NEW RIVER SW 125 AVE,2016-02-29,1.9449999999999998,3.4299999999999997,0.32666666666666666,6.503598028444589,1.74,0.011666666666666667,0.75
#22 N NEW RIVER SW 125 AVE,2016-08-31,3.1950000000000003,2.84,0.36,6.616358105340596,1.7375,0.0175,1.0
#22 N NEW RIVER SW 125 AVE,2017-02-28,1.32,2.34,0.33,6.525029657843462,1.31,0.016,0.75
#22 N NEW RIVER SW 125 AVE,2017-08-31,5.960000000000001,4.89,0.3233333333333333,6.504015882699728,1.31,0.0065,1.5666666666666667
#22 N NEW RIVER SW 125 AVE,2018-02-28,1.09,4.82,0.31,6.450470422144176,1.31,0.0065,1.1
#22 N NEW RIVER SW 125 AVE,2018-08-31,2.05,2.005,0.255,6.292754290791751,1.476,0.012,2.25
#22 N NEW RIVER SW 125 AVE,2019-02-28,1.63,2.67,0.31,6.4692503167957724,1.476,0.015,0.6
#22 N NEW RIVER SW 125 AVE,2019-08-31,1.63,2.67,0.31,6.4692503167957724,1.476,0.015,0.6
#22 N NEW RIVER SW 125 AVE,2020-02-29,2.893333333333333,1.74,0.3233333333333333,6.506969881732641,1.4295,0.001,0.9833333333333334
#22 N NEW RIVER SW 125 AVE,2020-08-31,2.95,4.11,0.3,6.418364935936212,1.36,0.014,2.3
#22 N NEW RIVER SW 125 AVE,2021-02-28,1.33,3.3899999999999992,0.2966666666666667,6.4201671005718195,1.3471666666666666,-0.0009999999999999998,0.9833333333333334
#22 N NEW RIVER SW 125 AVE,2021-08-31,3.8,3.62,0.3,6.437751649736401,1.4849999999999999,0.018000000000000002,1.075
#22 N NEW RIVER SW 125 AVE,2022-02-28,2.69,0.9,0.28,6.376726947898627,1.26,0.002,1.0
#24 DANIA CUT-OFF US-1,2006-02-28,4.41,5.72,10.8,9.830916859701293,1.34,0.036,1.5
#24 DANIA CUT-OFF US-1,2006-08-31,2.295,4.7,27.200000000000003,10.654892516140784,0.6855,0.031,1.45
#24 DANIA CUT-OFF US-1,2007-02-28,1.31,6.324999999999999,29.7,10.731328542990212,0.5455,0.0325,2.1
#24 DANIA CUT-OFF US-1,2007-08-31,2.1550000000000002,4.765000000000001,26.0,10.59729679457714,0.8185,0.0475,1.3
#24 DANIA CUT-OFF US-1,2008-02-29,0.4775,5.195,23.4,10.509338977730051,1.08,0.033,2.7
#24 DANIA CUT-OFF US-1,2008-08-31,2.9099999999999997,4.62,23.2,10.452793696870183,0.8285,0.036500000000000005,1.65
#24 DANIA CUT-OFF US-1,2009-02-28,2.9099999999999997,4.62,23.2,10.452793696870183,0.8285,0.036500000000000005,1.65
#24 DANIA CUT-OFF US-1,2009-08-31,2.12,5.965,25.4,10.551850137664665,0.59,0.049,1.95
#24 DANIA CUT-OFF US-1,2010-02-28,1.8066666666666666,4.473333333333334,14.969999999999999,10.051132315277007,0.9146666666666666,0.051333333333333335,1.9
#24 DANIA CUT-OFF US-1,2010-08-31,2.625,4.57,16.6,10.210241831485993,0.783,0.0345,1.75
#24 DANIA CUT-OFF US-1,2011-02-28,0.9650000000000001,5.46,27.75,10.653644938243982,0.617,0.035500000000000004,1.2000000000000002
#24 DANIA CUT-OFF US-1,2011-08-31,1.81,4.76,31.900000000000002,10.795231479308022,0.279,0.034,1.5
#24 DANIA CUT-OFF US-1,2012-02-29,1.025,6.035,29.1,10.712614520955402,0.4215,0.0395,1.45
#24 DANIA CUT-OFF US-1,2012-08-31,1.075,5.665,30.25,10.749242985264331,0.3685,0.037,1.4
#24 DANIA CUT-OFF US-1,2013-02-28,1.27,5.61,32.7,10.81777628173961,0.204,0.036,2.7
#24 DANIA CUT-OFF US-1,2013-08-31,2.73,4.99,21.35,10.454158499155616,0.501,0.044,2.15
#24 DANIA CUT-OFF US-1,2014-02-28,1.7750000000000001,5.195,26.15,10.560601339316893,0.526,0.061,2.2
#24 DANIA CUT-OFF US-1,2014-08-31,2.895,4.73,17.355,10.498079545962376,0.526,0.061,2.15
#24 DANIA CUT-OFF US-1,2015-02-28,0.98,3.24,24.8,10.568080925678013,0.526,0.061,0.85
#24 DANIA CUT-OFF US-1,2015-08-31,2.4633333333333334,4.976666666666667,29.333333333333332,10.717278870330397,0.357,0.037,1.3666666666666665
#24 DANIA CUT-OFF US-1,2016-02-29,2.2,4.325,8.855,9.586072000667574,1.13,0.047,1.5
#24 DANIA CUT-OFF US-1,2016-08-31,2.675,4.54,26.35,10.582338535914023,0.7425,0.11599999999999999,1.25
#24 DANIA CUT-OFF US-1,2017-02-28,1.25,4.87,26.4,10.621327345686446,0.656,0.116,1.5
#24 DANIA CUT-OFF US-1,2017-08-31,3.43,5.17,22.433333333333334,10.621779170513543,0.656,0.012,1.7666666666666666
#24 DANIA CUT-OFF US-1,2018-02-28,2.6,5.63,30.4,10.753638481905739,0.656,0.012,1.6
#24 DANIA CUT-OFF US-1,2018-08-31,2.6,5.63,30.4,10.753638481905739,0.656,0.012,1.6
#24 DANIA CUT-OFF US-1,2019-02-28,2.6,5.63,30.4,10.753638481905739,0.656,0.012,1.6
#24 DANIA CUT-OFF US-1,2019-08-31,1.5085000000000002,5.27,28.65,10.676246485870063,0.656,0.0975,2.45
#24 DANIA CUT-OFF US-1,2020-02-29,1.49,4.52,18.3,10.207282198635276,0.504,0.081,1.45
#24 DANIA CUT-OFF US-1,2020-08-31,3.64,3.55,10.6,9.809176873064887,1.02,0.072,0.0
#24 DANIA CUT-OFF US-1,2021-02-28,2.44,3.6900000000000004,4.995,9.388288692546018,1.1172499999999999,0.0455,1.6
#24 DANIA CUT-OFF US-1,2021-08-31,3.09,4.895,21.6,10.446377707462492,0.6026666666666667,0.10533333333333333,1.5333333333333332
#24 DANIA CUT-OFF US-1,2022-02-28,1.27,4.11,14.9,10.106428396532818,0.875,0.053,1.4
#25 HOLLYWOOD CANAL STIRLING,2006-02-28,6.4,6.05,7.03,9.449357272446683,1.23,0.045,1.2
#25 HOLLYWOOD CANAL STIRLING,2006-08-31,9.325,4.225,10.15,9.664469652064628,1.5299999999999998,0.05,1.7999999999999998
#25 HOLLYWOOD CANAL STIRLING,2007-02-28,2.175,6.015,19.1,10.334457621098164,0.7715000000000001,0.0345,1.0
#25 HOLLYWOOD CANAL STIRLING,2007-08-31,7.9799999999999995,4.945,17.75,9.985439038171096,1.0575,0.048,1.5499999999999998
#25 HOLLYWOOD CANAL STIRLING,2008-02-29,1.0550000000000002,3.83,10.059999999999999,9.76260441652489,1.86,0.059,2.0
#25 HOLLYWOOD CANAL STIRLING,2008-08-31,1.0550000000000002,3.83,10.059999999999999,9.76260441652489,1.86,0.059,2.0
#25 HOLLYWOOD CANAL STIRLING,2009-02-28,1.0550000000000002,3.83,10.059999999999999,9.76260441652489,1.86,0.059,2.0
#25 HOLLYWOOD CANAL STIRLING,2009-08-31,8.065,5.425,14.745,9.822604416716475,0.7065,0.07,1.75
#25 HOLLYWOOD CANAL STIRLING,2010-02-28,4.92,4.21,8.546666666666667,9.484704403041832,0.8803333333333333,0.05933333333333333,1.05
#25 HOLLYWOOD CANAL STIRLING,2010-08-31,6.03,4.08,1.66,8.205218426395412,0.961,0.054,1.05
#25 HOLLYWOOD CANAL STIRLING,2011-02-28,1.67,3.965,11.845,9.884792357926848,0.851,0.048,1.05
#25 HOLLYWOOD CANAL STIRLING,2011-08-31,8.22,5.6,21.85,10.451993056186696,0.5345,0.052000000000000005,1.2000000000000002
#25 HOLLYWOOD CANAL STIRLING,2012-02-29,1.895,4.58,14.635,10.04361797913511,0.8125,0.0505,1.0
#25 HOLLYWOOD CANAL STIRLING,2012-08-31,6.369999999999999,4.585,8.03,9.562730004371009,0.8580000000000001,0.052,1.7000000000000002
#25 HOLLYWOOD CANAL STIRLING,2013-02-28,2.12,5.2,25.3,10.589106466675283,0.431,0.05,0.9
#25 HOLLYWOOD CANAL STIRLING,2013-08-31,8.184999999999999,5.22,6.49,9.30150115037316,0.8535,0.059,1.5
#25 HOLLYWOOD CANAL STIRLING,2014-02-28,5.6899999999999995,5.225,15.3,10.128467726533486,0.817,0.052,1.85
#25 HOLLYWOOD CANAL STIRLING,2014-08-31,8.42,4.415,9.86,9.86437162840134,0.817,0.052,1.725
#25 HOLLYWOOD CANAL STIRLING,2015-02-28,0.96,2.57,19.5,10.354149073430555,0.817,0.052,0.75
#25 HOLLYWOOD CANAL STIRLING,2015-08-31,5.46,4.37,16.85,10.20234229884953,0.817,0.052,1.4
#25 HOLLYWOOD CANAL STIRLING,2016-02-29,2.58,4.395,14.15,9.716867572129415,0.522,0.08650000000000001,1.25
#25 HOLLYWOOD CANAL STIRLING,2016-08-31,4.17,4.37,20.6,10.374817545983241,0.7010000000000001,0.08349999999999999,1.5499999999999998
#25 HOLLYWOOD CANAL STIRLING,2017-02-28,1.72,4.46,18.6,10.308952660644293,0.91,0.089,1.6
#25 HOLLYWOOD CANAL STIRLING,2017-08-31,6.305,4.595,14.799999999999999,10.066950964424969,0.91,0.054,1.5
#25 HOLLYWOOD CANAL STIRLING,2018-02-28,6.3,5.01,18.4,10.298902324790792,0.91,0.054,1.1
#25 HOLLYWOOD CANAL STIRLING,2018-08-31,7.18,2.87,3.99,8.894258825002703,1.031,0.095,1.1
#25 HOLLYWOOD CANAL STIRLING,2019-02-28,7.18,2.87,3.99,8.894258825002703,1.031,0.095,1.1
#25 HOLLYWOOD CANAL STIRLING,2019-08-31,8.45,5.13,17.15,10.207227729437555,0.7444,0.089,1.9
#25 HOLLYWOOD CANAL STIRLING,2020-02-29,6.114999999999999,4.845,10.854999999999999,9.498228339529351,0.8649,0.10200000000000001,1.025
#25 HOLLYWOOD CANAL STIRLING,2020-08-31,8.78,3.6,4.91,9.083642718930225,1.23,0.142,0.0
#25 HOLLYWOOD CANAL STIRLING,2021-02-28,2.761,2.925,4.495,8.836200665377184,1.14635,0.07200000000000001,1.0
#25 HOLLYWOOD CANAL STIRLING,2021-08-31,4.37,4.779999999999999,13.700000000000001,10.009104002680315,0.8565,0.0905,1.425
#25 HOLLYWOOD CANAL STIRLING,2022-02-28,6.69,3.87,5.25,9.144200569471638,0.903,0.074,0.9
#28 S NEW RIVER CANAL FLAMINGO,2006-02-28,2.38,0.9,0.38,6.660575149839686,1.64,0.011,2.4
#28 S NEW RIVER CANAL FLAMINGO,2006-08-31,9.825,3.575,0.33,6.526583814098114,1.365,0.008,2.1
#28 S NEW RIVER CANAL FLAMINGO,2007-02-28,2.44,6.535,0.35,6.573327954986681,1.2799999999999998,0.018,1.45
#28 S NEW RIVER CANAL FLAMINGO,2007-08-31,4.0,3.69,0.39,6.672032945461067,1.83,0.017,1.4
#28 S NEW RIVER CANAL FLAMINGO,2008-02-29,5.404999999999999,5.625,0.32,6.488362350401719,1.6,0.023,2.05
#28 S NEW RIVER CANAL FLAMINGO,2008-08-31,6.925,5.305,0.32499999999999996,6.515255605885647,1.275,0.019,2.0
#28 S NEW RIVER CANAL FLAMINGO,2009-02-28,6.925,5.305,0.32499999999999996,6.515255605885647,1.275,0.019,2.0
#28 S NEW RIVER CANAL FLAMINGO,2009-08-31,2.76,3.59,0.33499999999999996,6.509916094378331,1.48,0.036,1.7000000000000002
#28 S NEW RIVER CANAL FLAMINGO,2010-02-28,2.5999999999999996,3.1500000000000004,0.275,6.320049647513246,1.335,0.055299999999999995,1.9
#28 S NEW RIVER CANAL FLAMINGO,2010-08-31,7.79,3.255,0.31,6.465865288859151,1.545,0.0235,2.75
#28 S NEW RIVER CANAL FLAMINGO,2011-02-28,3.3950000000000005,4.495,0.34,6.535953813457894,1.57,0.016,1.9500000000000002
#28 S NEW RIVER CANAL FLAMINGO,2011-08-31,4.28,4.970000000000001,0.33499999999999996,6.54353594735233,1.3,0.0125,1.4
#28 S NEW RIVER CANAL FLAMINGO,2012-02-29,4.925000000000001,5.305,0.33999999999999997,6.537740695752099,1.475,0.018500000000000003,1.3
#28 S NEW RIVER CANAL FLAMINGO,2012-08-31,1.65,7.96,0.31,6.467698726104354,1.1,0.016,0.8
#28 S NEW RIVER CANAL FLAMINGO,2013-02-28,1.355,4.675,0.36,6.605974053573208,1.635,0.023,1.9
#28 S NEW RIVER CANAL FLAMINGO,2013-08-31,6.595000000000001,3.5300000000000002,0.325,6.508734709779072,1.2970000000000002,0.027000000000000003,2.85
#28 S NEW RIVER CANAL FLAMINGO,2014-02-28,3.33,4.87,0.34,6.551080335043404,1.2970000000000002,0.027000000000000003,2.35
#28 S NEW RIVER CANAL FLAMINGO,2014-08-31,6.47,5.62,0.32999999999999996,6.52141327087798,1.2970000000000002,0.027000000000000003,2.2
#28 S NEW RIVER CANAL FLAMINGO,2015-02-28,4.47,2.62,0.37,6.646390514847729,1.2970000000000002,0.027000000000000003,2.2
#28 S NEW RIVER CANAL FLAMINGO,2015-08-31,6.843333333333334,2.9033333333333338,0.36999999999999994,6.636932983218542,1.511,0.033,2.1
#28 S NEW RIVER CANAL FLAMINGO,2016-02-29,2.94,3.5533333333333332,0.34,6.550603395359432,1.505,0.013666666666666667,1.7999999999999998
#28 S NEW RIVER CANAL FLAMINGO,2016-08-31,8.67,1.28,0.36,6.611080826221607,1.607,0.022,2.95
#28 S NEW RIVER CANAL FLAMINGO,2017-02-28,6.71,2.81,0.37,6.643789733147672,1.42,0.023,2.7
#28 S NEW RIVER CANAL FLAMINGO,2017-08-31,5.194999999999999,6.96,0.32999999999999996,6.521307146642922,1.42,0.043,1.6
#28 S NEW RIVER CANAL FLAMINGO,2018-02-28,5.194999999999999,6.96,0.32999999999999996,6.521307146642922,1.42,0.043,1.6
#28 S NEW RIVER CANAL FLAMINGO,2018-08-31,10.2,3.33,0.3,6.432940092739179,1.599,0.016,2.0
#28 S NEW RIVER CANAL FLAMINGO,2019-02-28,10.2,3.33,0.3,6.432940092739179,1.599,0.016,2.0
#28 S NEW RIVER CANAL FLAMINGO,2019-08-31,10.2,3.33,0.3,6.432940092739179,1.599,0.016,2.0
#28 S NEW RIVER CANAL FLAMINGO,2020-02-29,3.9299999999999997,4.91,0.31666666666666665,6.4878604415792696,1.5203666666666666,0.006333333333333334,1.1166666666666667
#28 S NEW RIVER CANAL FLAMINGO,2020-08-31,3.9299999999999997,4.91,0.31666666666666665,6.4878604415792696,1.5203666666666666,0.006333333333333334,1.1166666666666667
#28 S NEW RIVER CANAL FLAMINGO,2021-02-28,6.010000000000001,2.6166666666666667,0.31,6.451288425528624,1.3556000000000001,0.004666666666666667,1.9666666666666668
#28 S NEW RIVER CANAL FLAMINGO,2021-08-31,13.9,2.6166666666666667,0.31,6.451288425528624,1.36,0.03,2.6
#28 S NEW RIVER CANAL FLAMINGO,2022-02-28,6.13,5.17,0.3,6.416732282512326,1.27,0.011,1.1
#31 SNAKE CRK CANAL FLAMINGO,2006-02-28,0.4775,1.605,0.31,6.466922027036182,1.0150000000000001,0.00225,0.5
#31 SNAKE CRK CANAL FLAMINGO,2006-08-31,5.87,3.9699999999999998,0.30500000000000005,6.4486740377286615,1.131,0.00925,1.35
#31 SNAKE CRK CANAL FLAMINGO,2007-02-28,0.4775,3.965,0.315,6.482878174945181,1.0415,0.00775,0.7
#31 SNAKE CRK CANAL FLAMINGO,2007-08-31,1.92,5.555,0.305,6.464449990095765,1.14,0.008749999999999999,0.8500000000000001
#31 SNAKE CRK CANAL FLAMINGO,2008-02-29,1.4100000000000001,2.7525,0.29,6.394833601240042,1.1949999999999998,0.0045,0.8
#31 SNAKE CRK CANAL FLAMINGO,2008-08-31,2.13,3.875,0.305,6.443883496022068,1.2650000000000001,0.011,0.8250000000000001
#31 SNAKE CRK CANAL FLAMINGO,2009-02-28,2.13,3.875,0.305,6.443883496022068,1.2650000000000001,0.011,0.8250000000000001
#31 SNAKE CRK CANAL FLAMINGO,2009-08-31,2.225,5.2,0.29000000000000004,6.377346964540756,0.952,0.0076,0.9500000000000001
#31 SNAKE CRK CANAL FLAMINGO,2010-02-28,2.43,2.9466666666666668,0.27666666666666667,6.348794503562871,1.2466666666666668,0.0082,1.1
#31 SNAKE CRK CANAL FLAMINGO,2010-08-31,2.7199999999999998,2.58,0.29000000000000004,6.391769789012719,1.15,0.0076,0.9
#31 SNAKE CRK CANAL FLAMINGO,2011-02-28,2.85,3.87,0.28,6.371611847231857,1.3,0.0076,1.1
#31 SNAKE CRK CANAL FLAMINGO,2011-08-31,3.815,5.045,0.31,6.471657827879568,1.143,0.013000000000000001,2.7
#31 SNAKE CRK CANAL FLAMINGO,2012-02-29,1.09,2.8499999999999996,0.30000000000000004,6.431354419156353,1.1185,0.009999999999999998,0.7
#31 SNAKE CRK CANAL FLAMINGO,2012-08-31,3.06,3.8150000000000004,0.28500000000000003,6.385696068191137,1.065,0.009,0.9
#31 SNAKE CRK CANAL FLAMINGO,2013-02-28,0.66,2.915,0.32999999999999996,6.520528936369093,1.2000000000000002,0.011,0.7250000000000001
#31 SNAKE CRK CANAL FLAMINGO,2013-08-31,2.465,2.7,0.31000000000000005,6.461346091137631,1.1135,0.019,0.75
#31 SNAKE CRK CANAL FLAMINGO,2014-02-28,1.3900000000000001,2.59,0.305,6.455821173044338,1.161,0.008,0.95
#31 SNAKE CRK CANAL FLAMINGO,2014-08-31,2.98,4.095,0.28,6.363879043715231,1.161,0.008,1.05
#31 SNAKE CRK CANAL FLAMINGO,2015-02-28,1.11,2.93,0.29,6.396929655216146,1.161,0.008,0.65
#31 SNAKE CRK CANAL FLAMINGO,2015-08-31,2.71,4.84,0.31,6.4645579750365325,1.161,0.008,0.675
#31 SNAKE CRK CANAL FLAMINGO,2016-02-29,1.445,2.3299999999999996,0.29333333333333333,6.402260561561607,1.15,0.006999999999999999,0.6
#31 SNAKE CRK CANAL FLAMINGO,2016-08-31,2.5300000000000002,3.4699999999999998,0.29500000000000004,6.4028637465004,1.0514999999999999,0.003,0.65
#31 SNAKE CRK CANAL FLAMINGO,2017-02-28,0.534,2.72,0.31,6.452048954437226,0.897,0.004,0.85
#31 SNAKE CRK CANAL FLAMINGO,2017-08-31,4.066666666666666,5.293333333333334,0.2833333333333334,6.374820251694273,0.897,0.0165,1.2166666666666666
#31 SNAKE CRK CANAL FLAMINGO,2018-02-28,0.77,3.58,0.3,6.416732282512326,0.897,0.0165,0.55
#31 SNAKE CRK CANAL FLAMINGO,2018-08-31,2.775,1.815,0.265,6.317158170263839,1.146,0.0,0.9500000000000001
#31 SNAKE CRK CANAL FLAMINGO,2019-02-28,2.775,1.815,0.265,6.317158170263839,1.146,0.0,0.9500000000000001
#31 SNAKE CRK CANAL FLAMINGO,2019-08-31,1.5,3.335,0.29000000000000004,6.404878632792533,0.9144,0.0165,1.9000000000000001
#31 SNAKE CRK CANAL FLAMINGO,2020-02-29,1.3606666666666667,2.436666666666667,0.27666666666666667,6.340989504442169,0.9059666666666667,-0.001,0.5833333333333334
#31 SNAKE CRK CANAL FLAMINGO,2020-08-31,1.85,4.18,0.22,6.137727054086234,0.902,0.007,1.7
#31 SNAKE CRK CANAL FLAMINGO,2021-02-28,1.3326666666666667,3.3766666666666665,0.23,6.142398691008432,0.8382000000000001,-0.0013333333333333333,0.7666666666666666
#31 SNAKE CRK CANAL FLAMINGO,2021-08-31,3.295,2.53,0.28,6.371611847231857,0.8005,0.0125,0.6
#31 SNAKE CRK CANAL FLAMINGO,2022-02-28,1.25,2.03,0.26,6.293419278846481,0.833,0.006,0.55
#32 C-9 CANAL US 27,2006-02-28,1.25,2.03,0.26,6.293419278846481,0.833,0.006,0.35
#32 C-9 CANAL US 27,2006-08-31,1.25,2.03,0.26,6.293419278846481,0.833,0.006,1.25
#32 C-9 CANAL US 27,2007-02-28,1.25,2.03,0.26,6.293419278846481,0.833,0.006,0.65
#32 C-9 CANAL US 27,2007-08-31,1.25,2.03,0.26,6.293419278846481,0.833,0.006,1.8499999999999999
#32 C-9 CANAL US 27,2008-02-29,1.25,2.03,0.26,6.293419278846481,0.833,0.006,1.275
#32 C-9 CANAL US 27,2008-08-31,1.25,2.03,0.26,6.293419278846481,0.833,0.006,1.35
#32 C-9 CANAL US 27,2009-02-28,1.25,2.03,0.26,6.293419278846481,0.833,0.006,1.35
#32 C-9 CANAL US 27,2009-08-31,1.25,2.03,0.26,6.293419278846481,0.833,0.006,0.7
#32 C-9 CANAL US 27,2010-02-28,1.25,2.03,0.26,6.293419278846481,0.833,0.006,0.8
#32 C-9 CANAL US 27,2010-08-31,1.25,2.03,0.26,6.293419278846481,0.833,0.006,0.65
#32 C-9 CANAL US 27,2011-02-28,1.25,2.03,0.26,6.293419278846481,0.833,0.006,0.6
#32 C-9 CANAL US 27,2011-08-31,1.25,2.03,0.26,6.293419278846481,0.833,0.006,1.55
#32 C-9 CANAL US 27,2012-02-29,1.25,2.03,0.26,6.293419278846481,0.833,0.006,0.525
#32 C-9 CANAL US 27,2012-08-31,1.25,2.03,0.26,6.293419278846481,0.833,0.006,0.32499999999999996
#32 C-9 CANAL US 27,2013-02-28,1.25,2.03,0.26,6.293419278846481,0.833,0.006,1.55
#32 C-9 CANAL US 27,2013-08-31,1.25,2.03,0.26,6.293419278846481,0.833,0.006,1.025
#32 C-9 CANAL US 27,2014-02-28,1.25,2.03,0.26,6.293419278846481,0.833,0.006,1.2000000000000002
#32 C-9 CANAL US 27,2014-08-31,1.25,2.03,0.26,6.293419278846481,0.833,0.006,1.275
#32 C-9 CANAL US 27,2015-02-28,1.25,2.03,0.26,6.293419278846481,0.833,0.006,0.65
#32 C-9 CANAL US 27,2015-08-31,1.25,2.03,0.26,6.293419278846481,0.833,0.006,1.7
#32 C-9 CANAL US 27,2016-02-29,1.25,2.03,0.26,6.293419278846481,0.833,0.006,0.55
#32 C-9 CANAL US 27,2016-08-31,1.25,2.03,0.26,6.293419278846481,0.833,0.006,0.975
#32 C-9 CANAL US 27,2017-02-28,1.25,2.03,0.26,6.293419278846481,0.833,0.006,1.0
#32 C-9 CANAL US 27,2017-08-31,1.25,2.03,0.26,6.293419278846481,0.833,0.006,1.6666666666666667
#32 C-9 CANAL US 27,2018-02-28,1.25,2.03,0.26,6.293419278846481,0.833,0.006,1.1
#32 C-9 CANAL US 27,2018-08-31,1.25,2.03,0.26,6.293419278846481,0.833,0.006,2.1500000000000004
#32 C-9 CANAL US 27,2019-02-28,1.25,2.03,0.26,6.293419278846481,0.833,0.006,1.0
#32 C-9 CANAL US 27,2019-08-31,4.42,2.27,0.32,6.502790045915623,0.1634,0.026,1.6
#32 C-9 CANAL US 27,2020-02-29,2.0433333333333334,2.533333333333333,0.29,6.394839091610538,0.9500333333333334,-0.004333333333333333,1.6333333333333335
#32 C-9 CANAL US 27,2020-08-31,4.01,5.14,0.34,6.54965074223381,1.22,0.004,2.4
#32 C-9 CANAL US 27,2021-02-28,2.3866666666666667,2.2433333333333336,0.25,6.225055360601263,0.8837666666666667,0.0006666666666666666,0.5833333333333334
#32 C-9 CANAL US 27,2021-08-31,3.84,3.98,0.26,6.304448802421981,0.9510000000000001,0.0165,0.95
#32 C-9 CANAL US 27,2022-02-28,3.14,1.59,0.28,6.35088571671474,0.87,0.007,0.85
#36 ICW COMMERCIAL BLVD,2006-02-28,2.85,7.550000000000001,23.3,10.517320926376348,0.813,0.0305,0.55
#36 ICW COMMERCIAL BLVD,2006-08-31,6.905,6.465,24.8,10.56972332974732,0.883,0.039,0.65
#36 ICW COMMERCIAL BLVD,2007-02-28,2.05,7.245,26.950000000000003,10.643618918541247,0.6875,0.0565,0.725
#36 ICW COMMERCIAL BLVD,2007-08-31,6.325,5.995,29.35,10.712797863540505,0.7525,0.055,0.875
#36 ICW COMMERCIAL BLVD,2008-02-29,3.08,6.33,25.6,10.59530797436329,1.16,0.042,0.875
#36 ICW COMMERCIAL BLVD,2008-08-31,4.99,6.12,26.8,10.634014505870049,0.6964999999999999,0.043,1.1
#36 ICW COMMERCIAL BLVD,2009-02-28,4.99,6.12,26.8,10.634014505870049,0.6964999999999999,0.043,1.1
#36 ICW COMMERCIAL BLVD,2009-08-31,4.4366666666666665,5.786666666666666,22.099999999999998,10.415676745181793,0.6753333333333335,0.0223,1.0999999999999999
#36 ICW COMMERCIAL BLVD,2010-02-28,2.4,6.3149999999999995,26.4,10.626193535337618,0.635,0.045,0.7
#36 ICW COMMERCIAL BLVD,2010-08-31,7.02,8.14,14.42,9.991136023464623,0.7165,0.037,0.925
#36 ICW COMMERCIAL BLVD,2011-02-28,1.93,6.355,27.1,10.73856822898474,0.5880000000000001,0.054,0.65
#36 ICW COMMERCIAL BLVD,2011-08-31,3.63,5.695,32.35,10.808692288397678,0.286,0.038,0.8
#36 ICW COMMERCIAL BLVD,2012-02-29,2.075,6.65,23.0,10.465627570244472,0.6295,0.0545,0.9
#36 ICW COMMERCIAL BLVD,2012-08-31,6.245,6.15,20.55,10.370307237640512,0.512,0.0325,0.725
#36 ICW COMMERCIAL BLVD,2013-02-28,1.8399999999999999,6.17,30.25,10.726276032061115,0.36350000000000005,0.055999999999999994,0.9500000000000001
#36 ICW COMMERCIAL BLVD,2013-08-31,6.3149999999999995,6.08,7.470000000000001,9.412395801072293,1.042,0.035,1.15
#36 ICW COMMERCIAL BLVD,2014-02-28,4.68,6.0649999999999995,16.995,10.146087590599638,1.22,0.037,0.85
#36 ICW COMMERCIAL BLVD,2014-08-31,8.985,6.415,19.18,10.206669077773654,1.22,0.037,1.25
#36 ICW COMMERCIAL BLVD,2015-02-28,1.8,4.39,11.6,9.879553402240496,1.22,0.037,0.45
#36 ICW COMMERCIAL BLVD,2015-08-31,4.28,5.666666666666667,25.433333333333334,10.557708071698327,0.434,0.025,1.4000000000000001
#36 ICW COMMERCIAL BLVD,2016-02-29,4.2,7.02,10.66,9.736289356197691,0.73,0.060000000000000005,0.75
#36 ICW COMMERCIAL BLVD,2016-08-31,7.550000000000001,5.625,10.335,9.724488929352725,1.3279999999999998,0.0645,0.8500000000000001
#36 ICW COMMERCIAL BLVD,2017-02-28,7.550000000000001,5.625,10.335,9.724488929352725,1.3279999999999998,0.0645,0.8500000000000001
#36 ICW COMMERCIAL BLVD,2017-08-31,4.4366666666666665,4.796666666666667,24.733333333333334,10.468227476724033,1.3279999999999998,0.01,1.4833333333333334
#36 ICW COMMERCIAL BLVD,2018-02-28,4.59,8.03,29.5,10.725467604939041,1.3279999999999998,0.01,0.9
#36 ICW COMMERCIAL BLVD,2018-08-31,5.255,5.02,11.3,9.858730298932254,0.849,0.0445,1.05
#36 ICW COMMERCIAL BLVD,2019-02-28,5.255,5.02,11.3,9.858730298932254,0.849,0.0445,1.05
#36 ICW COMMERCIAL BLVD,2019-08-31,4.05,5.79,28.55,10.69976566006892,0.33089999999999997,0.08349999999999999,1.9
#36 ICW COMMERCIAL BLVD,2020-02-29,8.969999999999999,6.615,19.55,10.265519694133463,0.5655,0.084,1.2
#36 ICW COMMERCIAL BLVD,2020-08-31,7.9,5.59,16.2,10.184900011974314,0.645,0.062,1.2
#36 ICW COMMERCIAL BLVD,2021-02-28,2.356666666666667,6.053333333333334,14.213333333333333,9.921658566846014,0.6923666666666667,0.059,0.7000000000000001
#36 ICW COMMERCIAL BLVD,2021-08-31,2.356666666666667,6.053333333333334,14.213333333333333,9.921658566846014,0.6923666666666667,0.059,0.7000000000000001
#36 ICW COMMERCIAL BLVD,2022-02-28,3.29,5.76,20.8,10.410305154904579,0.635,0.091,0.65
#37 ICW SUNRISE BLVD,2006-02-28,3.26,7.6,23.6,10.526748605631907,0.795,0.02,1.1
#37 ICW SUNRISE BLVD,2006-08-31,6.96,6.5,25.25,10.586086751448706,0.839,0.038,1.125
#37 ICW SUNRISE BLVD,2007-02-28,1.655,7.37,28.25,10.686126060860293,0.7190000000000001,0.0505,1.2
#37 ICW SUNRISE BLVD,2007-08-31,3.94,6.02,30.4,10.745964284991251,0.718,0.048,1.3
#37 ICW SUNRISE BLVD,2008-02-29,2.055,6.295,25.6,10.601015485930361,1.17,0.038,1.15
#37 ICW SUNRISE BLVD,2008-08-31,2.5549999999999997,6.105,26.85,10.628028227145457,0.567,0.0385,1.4500000000000002
#37 ICW SUNRISE BLVD,2009-02-28,2.5549999999999997,6.105,26.85,10.628028227145457,0.567,0.0385,1.4500000000000002
#37 ICW SUNRISE BLVD,2009-08-31,5.883333333333333,6.3,24.96666666666667,10.551779769500898,0.588,0.021300000000000003,1.4666666666666668
#37 ICW SUNRISE BLVD,2010-02-28,1.98,6.225,26.450000000000003,10.622800485726115,0.5630000000000001,0.0345,1.125
#37 ICW SUNRISE BLVD,2010-08-31,4.43,7.775,18.45,10.260868497802305,0.6835,0.0325,1.4
#37 ICW SUNRISE BLVD,2011-02-28,1.49,6.845,28.4,10.68929326598295,0.565,0.0385,1.0
#37 ICW SUNRISE BLVD,2011-08-31,3.1,5.91,32.45,10.810113474819204,0.3155,0.033,1.2
#37 ICW SUNRISE BLVD,2012-02-29,2.335,6.654999999999999,24.9,10.541762176108248,0.6375,0.0485,1.25
#37 ICW SUNRISE BLVD,2012-08-31,6.7299999999999995,5.970000000000001,22.2,10.462695010518273,0.46199999999999997,0.0335,1.125
#37 ICW SUNRISE BLVD,2013-02-28,1.365,6.484999999999999,31.6,10.768097027912706,0.319,0.054,1.1
#37 ICW SUNRISE BLVD,2013-08-31,8.864999999999998,6.09,13.594999999999999,9.970512556596256,0.7325,0.04,1.15
#37 ICW SUNRISE BLVD,2014-02-28,3.2199999999999998,5.805,22.85,10.496146236912944,0.699,0.055,1.1
#37 ICW SUNRISE BLVD,2014-08-31,8.46,6.285,22.2,10.419367543376262,0.699,0.055,1.75
#37 ICW SUNRISE BLVD,2015-02-28,2.2,4.13,19.0,10.334002932844076,0.699,0.055,0.7
#37 ICW SUNRISE BLVD,2015-08-31,2.3733333333333335,5.98,29.0,10.701636299473043,0.376,0.066,1.6333333333333335
#37 ICW SUNRISE BLVD,2016-02-29,5.63,6.785,16.85,10.196031844490356,0.68,0.075,0.95
#37 ICW SUNRISE BLVD,2016-08-31,7.42,4.86,22.15,10.47252423131064,0.8380000000000001,0.1095,1.25
#37 ICW SUNRISE BLVD,2017-02-28,7.42,4.86,22.15,10.47252423131064,0.8380000000000001,0.1095,1.25
#37 ICW SUNRISE BLVD,2017-08-31,3.2533333333333334,4.863333333333333,26.133333333333336,10.58467456214987,0.8380000000000001,0.01,2.0
#37 ICW SUNRISE BLVD,2018-02-28,4.73,6.26,29.7,10.732039370102276,0.8380000000000001,0.01,1.5
#37 ICW SUNRISE BLVD,2018-08-31,6.005,5.154999999999999,16.35,10.19424607848039,0.638,0.076,0.8
#37 ICW SUNRISE BLVD,2019-02-28,6.005,5.154999999999999,16.35,10.19424607848039,0.638,0.076,0.8
#37 ICW SUNRISE BLVD,2019-08-31,3.35,6.285,30.8,10.764638654642544,0.3079,0.099,2.75
#37 ICW SUNRISE BLVD,2020-02-29,6.885,6.645,28.6,10.44370322540151,0.5102,0.093,1.75
#37 ICW SUNRISE BLVD,2020-08-31,0.231,4.81,15.3,10.130623125119875,0.705,0.081,2.2
#37 ICW SUNRISE BLVD,2021-02-28,2.2666666666666666,5.7299999999999995,19.866666666666667,10.360229536849737,0.6121,0.077,1.3333333333333333
#37 ICW SUNRISE BLVD,2021-08-31,1.71,5.7299999999999995,19.866666666666667,10.360229536849737,0.278,0.143,0.8
#37 ICW SUNRISE BLVD,2022-02-28,2.03,5.56,23.8,10.529425983402623,0.523,0.094,1.5
#38 ICW 17TH ST CAUSEWAY,2006-02-28,2.365,7.44,32.2,10.805679360030782,0.6174999999999999,0.0225,1.1
#38 ICW 17TH ST CAUSEWAY,2006-08-31,3.36,6.52,31.65,10.788774620753664,0.6465,0.0275,0.75
#38 ICW 17TH ST CAUSEWAY,2007-02-28,0.4775,6.845,32.75,10.81846456004914,0.5045,0.036000000000000004,1.0
#38 ICW 17TH ST CAUSEWAY,2007-08-31,2.7,6.005,30.4,10.74231612824175,0.764,0.048,1.6
#38 ICW 17TH ST CAUSEWAY,2008-02-29,1.19,6.35,31.9,10.795477193490674,0.974,0.022,1.65
#38 ICW 17TH ST CAUSEWAY,2008-08-31,1.625,6.08,32.1,10.800865041640055,0.383,0.034,1.025
#38 ICW 17TH ST CAUSEWAY,2009-02-28,1.625,6.08,32.1,10.800865041640055,0.383,0.034,1.025
#38 ICW 17TH ST CAUSEWAY,2009-08-31,1.185,6.205,31.4,10.773966193684963,0.3305,0.037,1.05
#38 ICW 17TH ST CAUSEWAY,2010-02-28,1.8966666666666665,5.45,26.833333333333332,10.640024156765827,0.6126666666666667,0.017666666666666667,1.25
#38 ICW 17TH ST CAUSEWAY,2010-08-31,2.39,6.025,27.0,10.637398804261343,0.515,0.0275,1.3
#38 ICW 17TH ST CAUSEWAY,2011-02-28,1.89,6.955,32.85,10.822092918602113,0.3415,0.0225,1.15
#38 ICW 17TH ST CAUSEWAY,2011-08-31,1.24,5.915,35.2,10.883578956707144,0.20750000000000002,0.037000000000000005,0.6
#38 ICW 17TH ST CAUSEWAY,2012-02-29,1.9,6.035,25.45,10.5351270076478,0.358,0.0365,0.9500000000000001
#38 ICW 17TH ST CAUSEWAY,2012-08-31,2.685,6.095000000000001,32.2,10.801388197563321,0.2875,0.0325,0.65
#38 ICW 17TH ST CAUSEWAY,2013-02-28,1.185,6.96,34.9,10.864393241517785,0.2125,0.041,1.4
#38 ICW 17TH ST CAUSEWAY,2013-08-31,5.775,6.555,26.205,10.621299950527874,0.40700000000000003,0.038,1.0
#38 ICW 17TH ST CAUSEWAY,2014-02-28,2.04,6.335,31.915,10.789246328302616,0.31,0.047,0.55
#38 ICW 17TH ST CAUSEWAY,2014-08-31,3.55,6.234999999999999,32.25,10.808951036737366,0.31,0.047,1.2
#38 ICW 17TH ST CAUSEWAY,2015-02-28,1.3,5.77,31.0,10.770945119316325,0.31,0.047,1.2
#38 ICW 17TH ST CAUSEWAY,2015-08-31,1.6733333333333331,5.753333333333333,33.13333333333333,10.832983696051693,0.293,0.017,0.9333333333333332
#38 ICW 17TH ST CAUSEWAY,2016-02-29,1.6733333333333331,5.753333333333333,33.13333333333333,10.832983696051693,0.293,0.017,0.9333333333333332
#38 ICW 17TH ST CAUSEWAY,2016-08-31,3.02,6.79,28.450000000000003,10.702635588543757,0.302,0.0935,0.75
#38 ICW 17TH ST CAUSEWAY,2017-02-28,1.4,6.32,34.4,10.864751650053014,0.302,0.0935,1.2
#38 ICW 17TH ST CAUSEWAY,2017-08-31,2.7399999999999998,4.743333333333333,31.933333333333337,10.833066160915344,0.302,0.006,1.5666666666666667
#38 ICW 17TH ST CAUSEWAY,2018-02-28,2.06,6.5,33.4,10.837618202538614,0.302,0.006,1.8
#38 ICW 17TH ST CAUSEWAY,2018-08-31,2.06,6.5,33.4,10.837618202538614,0.302,0.006,1.8
#38 ICW 17TH ST CAUSEWAY,2019-02-28,2.06,6.5,33.4,10.837618202538614,0.302,0.006,1.8
#38 ICW 17TH ST CAUSEWAY,2019-08-31,1.885,6.53,33.4,10.839311711992234,0.277,0.10300000000000001,1.0
#38 ICW 17TH ST CAUSEWAY,2020-02-29,1.9100000000000001,5.92,29.35,10.71638918579631,0.38770000000000004,0.1295,0.925
#38 ICW 17TH ST CAUSEWAY,2020-08-31,2.47,5.31,15.2,10.158129770909708,0.749,0.082,2.3
#38 ICW 17TH ST CAUSEWAY,2021-02-28,1.4433333333333334,6.033333333333334,28.0,10.675585961904394,0.4107,0.09433333333333334,1.0
#38 ICW 17TH ST CAUSEWAY,2021-08-31,1.4433333333333334,6.033333333333334,28.0,10.675585961904394,0.4107,0.09433333333333334,1.0
#38 ICW 17TH ST CAUSEWAY,2022-02-28,1.58,6.08,29.4,10.72326738402944,0.35,0.089,1.1
#39 ICW MARKER 35,2006-02-28,3.63,7.56,31.1,10.774780918479548,0.63,0.021,2.3
#39 ICW MARKER 35,2006-08-31,2.1799999999999997,6.22,32.9,10.82377030567982,0.489,0.033,0.6499999999999999
#39 ICW MARKER 35,2007-02-28,1.07,7.24,33.4,10.837618202538614,0.316,0.023,1.2
#39 ICW MARKER 35,2007-08-31,0.4775,4.94,32.7,10.819778284410283,0.707,0.036,1.6
#39 ICW MARKER 35,2008-02-29,0.4775,6.22,30.1,10.745054738214346,0.707,0.036,2.0
#39 ICW MARKER 35,2008-08-31,0.90375,5.4,33.05,10.824535580594576,0.4025,0.0345,1.2999999999999998
#39 ICW MARKER 35,2009-02-28,0.90375,5.4,33.05,10.824535580594576,0.4025,0.0345,1.2999999999999998
#39 ICW MARKER 35,2009-08-31,1.0075,6.025,32.8,10.817032760285642,0.33899999999999997,0.034,1.6
#39 ICW MARKER 35,2010-02-28,0.96,4.913333333333333,30.166666666666668,10.744853297296892,0.5236666666666666,0.014533333333333334,1.35
#39 ICW MARKER 35,2010-08-31,1.2650000000000001,5.27,27.8,10.67219528072952,0.48050000000000004,0.0225,2.2
#39 ICW MARKER 35,2011-02-28,1.2675,6.47,32.95,10.82376236923487,0.3285,0.017,1.8
#39 ICW MARKER 35,2011-08-31,1.06,5.285,34.7,10.871258703777706,0.244,0.0335,1.7000000000000002
#39 ICW MARKER 35,2012-02-29,1.27,6.125,33.05,10.825366934705347,0.2695,0.033,1.55
#39 ICW MARKER 35,2012-08-31,1.21,6.03,33.25,10.832690124415013,0.2365,0.029500000000000002,0.9
#39 ICW MARKER 35,2013-02-28,1.24,6.905,35.3,10.873189208106435,0.20550000000000002,0.0385,2.35
#39 ICW MARKER 35,2013-08-31,1.55,5.86,32.8,10.82576035608783,0.275,0.072,1.1
#39 ICW MARKER 35,2014-02-28,1.31,5.835,31.885,10.791225780706647,0.298,0.035,0.95
#39 ICW MARKER 35,2014-08-31,1.31,5.835,31.885,10.791225780706647,0.298,0.035,0.95
#39 ICW MARKER 35,2015-02-28,1.39,5.48,29.1,10.718697486570514,0.298,0.035,0.45
#39 ICW MARKER 35,2015-08-31,1.2766666666666666,5.06,33.73333333333333,10.876394582923064,0.249,0.0395,1.6166666666666665
#39 ICW MARKER 35,2016-02-29,1.2766666666666666,5.06,33.73333333333333,10.876394582923064,0.249,0.0395,1.6166666666666665
#39 ICW MARKER 35,2016-08-31,1.36,7.04,29.5,10.727662995502477,0.249,0.062,0.85
#39 ICW MARKER 35,2017-02-28,0.873,5.34,33.4,10.837618202538614,0.249,0.062,1.2
#39 ICW MARKER 35,2017-08-31,2.6533333333333333,4.373333333333334,30.5,10.747404908209296,0.249,0.008,2.1999999999999997
#39 ICW MARKER 35,2018-02-28,1.16,5.75,35.3,10.889304347058893,0.249,0.008,3.0
#39 ICW MARKER 35,2018-08-31,1.16,5.75,35.3,10.889304347058893,0.249,0.008,3.0
#39 ICW MARKER 35,2019-02-28,1.16,5.75,35.3,10.889304347058893,0.249,0.008,3.0
#39 ICW MARKER 35,2019-08-31,1.082,5.895,33.400000000000006,10.848308600051089,0.3205,0.099,1.75
#39 ICW MARKER 35,2020-02-29,1.175,4.74,25.95,10.582357829387043,0.47929999999999995,0.097,2.1
#39 ICW MARKER 35,2020-08-31,1.13,5.71,23.1,10.505067539570582,0.487,0.097,2.2
#39 ICW MARKER 35,2021-02-28,1.2349999999999999,5.2,25.85,10.667547248164384,0.502,0.091,1.175
#39 ICW MARKER 35,2021-08-31,1.2349999999999999,5.2,25.85,10.667547248164384,0.502,0.091,1.175
#39 ICW MARKER 35,2022-02-28,1.12,4.9,27.7,10.680516217076775,0.415,0.082,3.0
#4 HILLSBORO CANAL SE GROWERS,2006-02-28,5.28,6.93,0.48,6.88653164253051,2.38,0.015,1.7
#4 HILLSBORO CANAL SE GROWERS,2006-08-31,5.28,6.93,0.48,6.88653164253051,2.38,0.015,1.7
#4 HILLSBORO CANAL SE GROWERS,2007-02-28,3.2975,6.0175,0.36250000000000004,6.599677486814601,1.7049999999999998,0.022,1.25
#4 HILLSBORO CANAL SE GROWERS,2007-08-31,3.2975,6.0175,0.36250000000000004,6.599677486814601,1.7049999999999998,0.022,1.25
#4 HILLSBORO CANAL SE GROWERS,2008-02-29,6.362500000000001,2.395,0.375,6.64434721575656,1.995,0.024,1.4
#4 HILLSBORO CANAL SE GROWERS,2008-08-31,13.875,3.45,0.29500000000000004,6.416668200487246,1.62,0.02225,2.0
#4 HILLSBORO CANAL SE GROWERS,2009-02-28,13.875,3.45,0.29500000000000004,6.416668200487246,1.62,0.02225,2.0
#4 HILLSBORO CANAL SE GROWERS,2009-08-31,7.946666666666665,4.366666666666666,0.2916666666666667,6.328881823457036,1.5818333333333332,0.035,1.4166666666666667
#4 HILLSBORO CANAL SE GROWERS,2010-02-28,5.0675,2.8075,0.33999999999999997,6.546701008329533,1.5675,0.01865,0.9500000000000001
#4 HILLSBORO CANAL SE GROWERS,2010-08-31,8.184999999999999,6.21,0.3,6.430525604644662,1.15,0.025500000000000002,2.0
#4 HILLSBORO CANAL SE GROWERS,2011-02-28,2.2675,4.63,0.39,6.681386700757747,1.79,0.0114,0.7
#4 HILLSBORO CANAL SE GROWERS,2011-08-31,6.215,5.4275,0.3375,6.529149705157419,1.5425,0.021750000000000002,0.9
#4 HILLSBORO CANAL SE GROWERS,2012-02-29,4.745,5.7,0.345,6.5619156497396744,1.515,0.01725,0.8250000000000001
#4 HILLSBORO CANAL SE GROWERS,2012-08-31,12.85,4.205,0.29,6.418364935936212,1.3450000000000002,0.0225,1.3
#4 HILLSBORO CANAL SE GROWERS,2013-02-28,1.7525,5.6850000000000005,0.248,6.128216502434562,1.505,0.020749999999999998,0.625
#4 HILLSBORO CANAL SE GROWERS,2013-08-31,4.72,3.95,0.25,6.278521424165844,1.224,0.025,1.1
#4 HILLSBORO CANAL SE GROWERS,2014-02-28,3.93,4.29,0.425,6.765587440041633,1.979,0.026,0.925
#4 HILLSBORO CANAL SE GROWERS,2014-08-31,4.859999999999999,5.98,0.36,6.605469099122551,1.979,0.026,1.15
#4 HILLSBORO CANAL SE GROWERS,2015-02-28,4.25,3.23,0.35,6.582025138892826,1.979,0.026,2.8
#4 HILLSBORO CANAL SE GROWERS,2015-08-31,5.053333333333334,5.926666666666667,0.27999999999999997,6.341098983363566,1.502,0.038,0.9333333333333332
#4 HILLSBORO CANAL SE GROWERS,2016-02-29,6.12,2.98,0.37,6.633318433280377,1.8,0.046,2.9
#4 HILLSBORO CANAL SE GROWERS,2016-08-31,2.5399999999999996,5.9433333333333325,0.29000000000000004,6.392229938630468,1.5314999999999999,0.009666666666666665,0.6666666666666666
#4 HILLSBORO CANAL SE GROWERS,2017-02-28,1.6,7.51,0.37,6.626717749249025,1.2,0.013,0.5
#4 HILLSBORO CANAL SE GROWERS,2017-08-31,6.796666666666667,5.6066666666666665,0.2866666666666667,6.446086109159218,1.2,0.0205,0.8666666666666667
#4 HILLSBORO CANAL SE GROWERS,2018-02-28,6.796666666666667,5.6066666666666665,0.2866666666666667,6.446086109159218,1.2,0.0205,0.8666666666666667
#4 HILLSBORO CANAL SE GROWERS,2018-08-31,6.99,3.725,0.255,6.239680816347159,1.478,0.027000000000000003,2.35
#4 HILLSBORO CANAL SE GROWERS,2019-02-28,13.4,3.51,0.42,6.759255270663693,1.478,0.036,2.3
#4 HILLSBORO CANAL SE GROWERS,2019-08-31,13.4,3.51,0.42,6.759255270663693,1.478,0.036,2.3
#4 HILLSBORO CANAL SE GROWERS,2020-02-29,11.8,5.835,0.42,6.760712010319749,1.55865,0.029,2.25
#4 HILLSBORO CANAL SE GROWERS,2020-08-31,4.8,4.75,0.32,6.492239835020471,1.54,0.015,0.0
#4 HILLSBORO CANAL SE GROWERS,2021-02-28,5.513333333333333,3.8200000000000003,0.3633333333333333,6.617715662462835,1.5143333333333333,0.006333333333333332,1.5333333333333332
#4 HILLSBORO CANAL SE GROWERS,2021-08-31,3.6100000000000003,2.72,0.38,6.655440350367647,1.22,0.032,0.7
#4 HILLSBORO CANAL SE GROWERS,2022-02-28,2.73,2.63,0.63,7.146772179452637,2.11,0.01,1.2
#40 ICW SHERIDAN ST,2006-02-28,4.42,6.87,28.6,10.698739956033227,0.585,0.018,1.2
#40 ICW SHERIDAN ST,2006-08-31,0.88875,5.26,33.025000000000006,10.827116175392867,0.6972499999999999,0.03425,1.2
#40 ICW SHERIDAN ST,2007-02-28,1.74375,6.699999999999999,33.650000000000006,10.843982854014126,0.49974999999999997,0.03675,1.2
#40 ICW SHERIDAN ST,2007-08-31,1.065,5.262499999999999,32.7,10.81571582544351,0.67125,0.037750000000000006,1.2
#40 ICW SHERIDAN ST,2008-02-29,0.608125,6.0775,31.6,10.787659401225874,0.544,0.025500000000000002,1.2
#40 ICW SHERIDAN ST,2008-08-31,0.9768749999999999,4.880000000000001,32.35,10.805189506947514,0.5002500000000001,0.03275,1.2
#40 ICW SHERIDAN ST,2009-02-28,0.9768749999999999,4.880000000000001,32.35,10.805189506947514,0.5002500000000001,0.03275,1.2
#40 ICW SHERIDAN ST,2009-08-31,0.8325,5.8675,33.7,10.844525623333354,0.37925,0.033,1.2
#40 ICW SHERIDAN ST,2010-02-28,1.305,4.920000000000001,30.25,10.748147286588638,0.5181666666666667,0.03283333333333333,1.2
#40 ICW SHERIDAN ST,2010-08-31,1.28,5.177499999999999,27.825000000000003,10.673630602408746,0.46499999999999997,0.024,1.2
#40 ICW SHERIDAN ST,2011-02-28,1.00625,6.2299999999999995,33.4,10.836677457585381,0.34924999999999995,0.022,1.2
#40 ICW SHERIDAN ST,2011-08-31,1.08,5.1475,34.9,10.875683121936287,0.23725000000000002,0.04,1.2
#40 ICW SHERIDAN ST,2012-02-29,1.275,5.9025,32.474999999999994,10.81062704786509,0.31675,0.0405,1.2
#40 ICW SHERIDAN ST,2012-08-31,1.195,5.3725000000000005,31.799999999999997,10.793925278849116,0.274,0.03025,1.2
#40 ICW SHERIDAN ST,2013-02-28,1.39,6.345000000000001,35.15,10.86842148820897,0.21075,0.04025,1.2
#40 ICW SHERIDAN ST,2013-08-31,1.27,6.195,30.759999999999998,10.765616233036717,0.219,0.0315,1.2
#40 ICW SHERIDAN ST,2014-02-28,2.0300000000000002,5.46,31.7,10.789490158717133,0.347,0.052,1.2
#40 ICW SHERIDAN ST,2014-08-31,1.8,5.695,31.25,10.779199937113638,0.347,0.052,1.2
#40 ICW SHERIDAN ST,2015-02-28,0.73,4.81,30.5,10.758349589413635,0.347,0.052,1.2
#40 ICW SHERIDAN ST,2015-08-31,1.3966666666666665,4.84,33.199999999999996,10.833904550434452,0.34,0.033,1.2
#40 ICW SHERIDAN ST,2016-02-29,1.3966666666666665,4.84,33.199999999999996,10.833904550434452,0.34,0.033,1.2
#40 ICW SHERIDAN ST,2016-08-31,1.24,7.22,28.3,10.687389096364537,0.34,0.062,1.2
#40 ICW SHERIDAN ST,2017-02-28,1.57,5.39,33.3,10.835651633566574,0.34,0.062,1.2
#40 ICW SHERIDAN ST,2017-08-31,1.406666666666667,3.8733333333333335,32.5,10.817826640842183,0.34,0.008,1.2
#40 ICW SHERIDAN ST,2018-02-28,0.535,5.76,35.3,10.887436932884098,0.34,0.008,1.2
#40 ICW SHERIDAN ST,2018-08-31,0.535,5.76,35.3,10.887436932884098,0.34,0.008,1.2
#40 ICW SHERIDAN ST,2019-02-28,1.56,5.76,35.3,10.887436932884098,0.34,0.008,1.2
#40 ICW SHERIDAN ST,2019-08-31,1.01,5.465,33.3,10.836634918052594,0.23760000000000003,0.098,1.8
#40 ICW SHERIDAN ST,2020-02-29,1.415,5.390000000000001,28.6,10.693782955974317,0.357,0.119,1.75
#40 ICW SHERIDAN ST,2020-08-31,1.12,5.21,29.0,10.712193073730345,0.354,0.12,1.4
#40 ICW SHERIDAN ST,2021-02-28,1.4233333333333336,5.59,28.666666666666668,10.723070966674216,0.3685666666666667,0.11399999999999999,1.5499999999999998
#40 ICW SHERIDAN ST,2021-08-31,1.39,5.59,28.666666666666668,10.723070966674216,0.237,0.13,1.8
#40 ICW SHERIDAN ST,2022-02-28,1.33,5.32,31.3,10.778956289890028,0.295,0.09,2.2
#41 ICW HALLANDALE BCH BLVD,2006-02-28,1.86,1.65,31.3,10.778956289890028,0.792,0.02,0.7
#41 ICW HALLANDALE BCH BLVD,2006-08-31,2.2975,5.8100000000000005,26.65,10.615882879181026,0.91125,0.0245,0.55
#41 ICW HALLANDALE BCH BLVD,2007-02-28,3.935,7.055,32.15,10.80364064013439,0.567,0.0455,2.0
#41 ICW HALLANDALE BCH BLVD,2007-08-31,2.9949999999999997,6.225,30.8,10.75669045672441,0.8085,0.035,0.95
#41 ICW HALLANDALE BCH BLVD,2008-02-29,1.56375,5.975,29.25,10.718842576390948,0.642,0.024,1.85
#41 ICW HALLANDALE BCH BLVD,2008-08-31,3.52,5.91,29.35,10.715926600997117,0.4925,0.035,1.15
#41 ICW HALLANDALE BCH BLVD,2009-02-28,3.52,5.91,29.35,10.715926600997117,0.4925,0.035,1.15
#41 ICW HALLANDALE BCH BLVD,2009-08-31,2.405,5.68,28.65,10.681308296450343,0.544,0.037,1.7999999999999998
#41 ICW HALLANDALE BCH BLVD,2010-02-28,2.52,6.22,23.733333333333334,10.528068189131924,0.6583333333333333,0.04933333333333333,0.8999999999999999
#41 ICW HALLANDALE BCH BLVD,2010-08-31,3.12,5.76,23.25,10.513607440931032,0.6005,0.0245,0.8500000000000001
#41 ICW HALLANDALE BCH BLVD,2011-02-28,2.95,6.975,29.5,10.720103833036037,0.41100000000000003,0.0275,0.75
#41 ICW HALLANDALE BCH BLVD,2011-08-31,3.11,5.41,32.55,10.811327265372604,0.247,0.0315,0.925
#41 ICW HALLANDALE BCH BLVD,2012-02-29,1.985,5.925,29.05,10.702792300624507,0.39749999999999996,0.0375,0.5275
#41 ICW HALLANDALE BCH BLVD,2012-08-31,2.2,5.6850000000000005,33.4,10.83216751569213,0.487,0.034,0.6000000000000001
#41 ICW HALLANDALE BCH BLVD,2013-02-28,5.165,7.390000000000001,33.75,10.828265836513264,0.272,0.046,1.2
#41 ICW HALLANDALE BCH BLVD,2013-08-31,1.625,5.96,23.41,10.534832108711953,0.487,0.045,0.95
#41 ICW HALLANDALE BCH BLVD,2014-02-28,5.07,6.555,29.060000000000002,10.714380545144671,0.375,0.06,1.4500000000000002
#41 ICW HALLANDALE BCH BLVD,2014-08-31,2.435,5.575,26.950000000000003,10.631430558354241,0.375,0.06,1.35
#41 ICW HALLANDALE BCH BLVD,2015-02-28,7.96,6.07,29.2,10.720510282751615,0.375,0.06,0.75
#41 ICW HALLANDALE BCH BLVD,2015-08-31,3.543333333333333,5.84,31.2,10.78598368664025,0.35,0.046,1.1333333333333333
#41 ICW HALLANDALE BCH BLVD,2016-02-29,1.24,6.305,23.6,10.511551863584103,0.5449999999999999,0.1,0.55
#41 ICW HALLANDALE BCH BLVD,2016-08-31,4.015000000000001,6.49,25.85,10.616329217210259,0.542,0.098,0.675
#41 ICW HALLANDALE BCH BLVD,2017-02-28,6.26,6.25,32.4,10.809727948556782,0.542,0.098,0.75
#41 ICW HALLANDALE BCH BLVD,2017-08-31,2.1766666666666663,4.47,29.433333333333334,10.709976793671883,0.542,0.01,1.0666666666666667
#41 ICW HALLANDALE BCH BLVD,2018-02-28,1.12,5.77,34.6,10.868568448579715,0.542,0.01,2.3
#41 ICW HALLANDALE BCH BLVD,2018-08-31,1.12,5.77,34.6,10.868568448579715,0.542,0.01,2.3
#41 ICW HALLANDALE BCH BLVD,2019-02-28,1.12,5.77,34.6,10.868568448579715,0.542,0.01,2.3
#41 ICW HALLANDALE BCH BLVD,2019-08-31,2.77,6.07,29.950000000000003,10.740585132360817,0.33135000000000003,0.085,0.9
#41 ICW HALLANDALE BCH BLVD,2020-02-29,3.45,6.38,23.15,10.50033513749353,0.48510000000000003,0.078,0.6000000000000001
#41 ICW HALLANDALE BCH BLVD,2020-08-31,3.65,5.62,29.2,10.718852365820323,0.477,0.109,2.4
#41 ICW HALLANDALE BCH BLVD,2021-02-28,5.373333333333334,6.78,23.566666666666666,10.508095714659346,0.4893,0.07533333333333334,0.7166666666666667
#41 ICW HALLANDALE BCH BLVD,2021-08-31,1.38,6.78,23.566666666666666,10.508095714659346,0.249,0.141,1.9
#41 ICW HALLANDALE BCH BLVD,2022-02-28,1.07,5.47,28.5,10.696480068065789,0.308,0.069,0.4
#5 POMPANO CANAL US1,2006-02-28,3.79,7.74,15.0,10.1226230824528,0.883,0.027,1.0
#5 POMPANO CANAL US1,2006-08-31,5.46,4.91,16.5,10.210972252284089,0.915,0.047,0.7
#5 POMPANO CANAL US1,2007-02-28,2.105,6.32,25.6,10.591420135350804,0.702,0.053,0.8
#5 POMPANO CANAL US1,2007-08-31,7.325,6.0649999999999995,26.950000000000003,10.637090513536313,0.8775,0.057499999999999996,1.5499999999999998
#5 POMPANO CANAL US1,2008-02-29,2.975,5.710000000000001,23.2,10.511685214698375,1.17,0.049,0.95
#5 POMPANO CANAL US1,2008-08-31,4.24,5.195,23.35,10.497104292696946,0.87,0.0495,0.925
#5 POMPANO CANAL US1,2009-02-28,4.24,5.195,23.35,10.497104292696946,0.87,0.0495,0.925
#5 POMPANO CANAL US1,2009-08-31,4.476666666666667,5.183333333333334,15.76,9.897448441801442,0.8696666666666667,0.039,1.2333333333333332
#5 POMPANO CANAL US1,2010-02-28,3.845,6.04,13.005,10.541343503276584,0.5055,0.0465,0.8
#5 POMPANO CANAL US1,2010-08-31,6.635000000000001,5.625,9.93,9.32705758109508,0.734,0.042499999999999996,0.95
#5 POMPANO CANAL US1,2011-02-28,1.8050000000000002,6.395,24.115000000000002,10.52936878661702,0.587,0.047,0.525
#5 POMPANO CANAL US1,2011-08-31,4.3149999999999995,4.82,29.25,10.71756831575223,0.3675,0.039,0.9500000000000001
#5 POMPANO CANAL US1,2012-02-29,6.395,6.195,18.8,10.259999219818496,0.601,0.052000000000000005,0.8
#5 POMPANO CANAL US1,2012-08-31,4.745,5.045,13.92,9.95125626589066,0.7965,0.052500000000000005,0.8500000000000001
#5 POMPANO CANAL US1,2013-02-28,4.195,6.145,26.1,10.60434682476397,0.48,0.0555,0.8
#5 POMPANO CANAL US1,2013-08-31,4.74,4.71,4.96,8.790675526607169,1.2545,0.041,0.8500000000000001
#5 POMPANO CANAL US1,2014-02-28,5.99,4.98,15.6,10.153156182789694,0.934,0.034,1.0
#5 POMPANO CANAL US1,2014-08-31,5.99,4.98,15.6,10.153156182789694,0.934,0.034,1.0
#5 POMPANO CANAL US1,2015-02-28,5.99,4.98,15.6,10.153156182789694,0.934,0.034,1.0
#5 POMPANO CANAL US1,2015-08-31,5.99,4.98,15.6,10.153156182789694,0.934,0.034,1.0
#5 POMPANO CANAL US1,2016-02-29,1.41,5.12,7.84,9.532423871145296,0.785,0.062,0.85
#5 POMPANO CANAL US1,2016-08-31,3.2399999999999998,5.6499999999999995,3.65,8.500444941560898,1.6435,0.013,0.9
#5 POMPANO CANAL US1,2017-02-28,8.43,3.25,27.1,10.65254236503437,0.465,0.074,0.9
#5 POMPANO CANAL US1,2017-08-31,4.906666666666666,5.419999999999999,21.18,9.930558170777436,0.465,0.0195,1.15
#5 POMPANO CANAL US1,2018-02-28,5.67,5.63,24.8,10.571316925111784,0.465,0.0195,1.5
#5 POMPANO CANAL US1,2018-08-31,5.41,3.7749999999999995,2.235,8.349311347565589,1.135,0.0325,0.975
#5 POMPANO CANAL US1,2019-02-28,5.41,3.7749999999999995,2.235,8.349311347565589,1.135,0.0325,0.975
#5 POMPANO CANAL US1,2019-08-31,4.926666666666667,4.913333333333333,18.083333333333332,9.819622322782914,0.5978333333333333,0.06366666666666666,1.1166666666666667
#5 POMPANO CANAL US1,2020-02-29,4.926666666666667,4.913333333333333,18.083333333333332,9.819622322782914,0.5978333333333333,0.06366666666666666,1.1166666666666667
#5 POMPANO CANAL US1,2020-08-31,6.51,5.17,13.6,10.025705185260378,0.74,0.065,1.0
#5 POMPANO CANAL US1,2021-02-28,7.115,5.59,1.69,8.073924304553834,0.79115,0.040999999999999995,1.225
#5 POMPANO CANAL US1,2021-08-31,5.859999999999999,6.24,20.9,10.413312675968536,0.426,0.0935,0.5
#5 POMPANO CANAL US1,2022-02-28,2.67,4.94,13.2,10.00784756786037,0.717,0.068,0.7
#6 CYPRESS CREEK DIXIE HWY,2006-02-28,8.16,7.83,0.3,6.421622267806518,1.18,0.021,0.7
#6 CYPRESS CREEK DIXIE HWY,2006-08-31,6.625,4.62,0.25,6.253704905691529,0.821,0.0475,1.1
#6 CYPRESS CREEK DIXIE HWY,2007-02-28,1.01875,6.9,0.31,6.4607645565049765,1.19,0.03,0.47500000000000003
#6 CYPRESS CREEK DIXIE HWY,2007-08-31,2.575,5.825,0.265,6.3076652759385174,0.8815,0.0365,0.625
#6 CYPRESS CREEK DIXIE HWY,2008-02-29,1.70875,6.515000000000001,0.22999999999999998,6.165713473341437,0.593,0.033,0.5
#6 CYPRESS CREEK DIXIE HWY,2008-08-31,3.76,6.605,0.22499999999999998,6.162707232825275,0.6665000000000001,0.026000000000000002,0.925
#6 CYPRESS CREEK DIXIE HWY,2009-02-28,3.76,6.605,0.22499999999999998,6.162707232825275,0.6665000000000001,0.026000000000000002,0.925
#6 CYPRESS CREEK DIXIE HWY,2009-08-31,6.18,5.536666666666666,0.3,6.421447629614245,1.457,0.0218,0.8666666666666667
#6 CYPRESS CREEK DIXIE HWY,2010-02-28,2.9749999999999996,6.475,0.27,6.3175278464150715,1.1175,0.029500000000000002,0.6000000000000001
#6 CYPRESS CREEK DIXIE HWY,2010-08-31,8.834999999999999,4.93,0.24,6.199597003627752,1.082,0.025500000000000002,1.05
#6 CYPRESS CREEK DIXIE HWY,2011-02-28,2.775,6.425,0.245,6.214510088816937,1.056,0.025,0.55
#6 CYPRESS CREEK DIXIE HWY,2011-08-31,2.2600000000000002,6.72,0.49,6.841001011110694,1.0045,0.025500000000000002,0.6
#6 CYPRESS CREEK DIXIE HWY,2012-02-29,6.055,6.55,0.22499999999999998,6.145160938987537,1.08,0.035,0.9
#6 CYPRESS CREEK DIXIE HWY,2012-08-31,4.595,5.245,0.215,6.113660153346602,1.1075,0.0265,0.6
#6 CYPRESS CREEK DIXIE HWY,2013-02-28,2.45,6.66,0.275,6.299150263428158,1.077,0.026,0.42500000000000004
#6 CYPRESS CREEK DIXIE HWY,2013-08-31,3.6050000000000004,3.885,0.25,6.247743483386161,1.3165,0.0285,0.75
#6 CYPRESS CREEK DIXIE HWY,2014-02-28,1.4249999999999998,4.865,0.305,6.451169976713182,1.617,0.013,0.6
#6 CYPRESS CREEK DIXIE HWY,2014-08-31,4.885,5.03,0.255,6.28299466467387,1.617,0.013,0.8
#6 CYPRESS CREEK DIXIE HWY,2015-02-28,0.57,3.95,0.23,6.180016653652572,1.617,0.013,0.55
#6 CYPRESS CREEK DIXIE HWY,2015-08-31,2.77,5.706666666666666,0.34,6.550879535994014,1.265,0.017,0.6333333333333333
#6 CYPRESS CREEK DIXIE HWY,2016-02-29,1.76,5.45,0.27,6.322565239927284,1.28,0.041,0.6
#6 CYPRESS CREEK DIXIE HWY,2016-08-31,1.79,5.596666666666667,0.24666666666666667,6.195926675864681,1.8505,0.014333333333333332,0.7666666666666666
#6 CYPRESS CREEK DIXIE HWY,2017-02-28,1.19,4.84,0.31,6.472346294500901,1.16,0.013,0.45
#6 CYPRESS CREEK DIXIE HWY,2017-08-31,2.29,5.976666666666667,0.3,6.419980055113854,1.16,0.017,0.5666666666666668
#6 CYPRESS CREEK DIXIE HWY,2018-02-28,2.09,6.72,0.28,6.371611847231857,1.16,0.017,0.5
#6 CYPRESS CREEK DIXIE HWY,2018-08-31,2.715,3.915,0.20500000000000002,6.054604630063147,1.129,0.014,0.6499999999999999
#6 CYPRESS CREEK DIXIE HWY,2019-02-28,2.25,5.29,0.29,6.391917113392602,1.129,0.0,0.5
#6 CYPRESS CREEK DIXIE HWY,2019-08-31,2.5100000000000002,5.173333333333333,0.31,6.4564193937131265,1.1109,0.011666666666666667,0.7000000000000001
#6 CYPRESS CREEK DIXIE HWY,2020-02-29,3.835,6.145,0.22999999999999998,6.1696019790666785,0.7235499999999999,0.013,0.625
#6 CYPRESS CREEK DIXIE HWY,2020-08-31,3.39,8.15,0.21,6.095824562432225,0.802,0.029,2.1
#6 CYPRESS CREEK DIXIE HWY,2021-02-28,6.05,6.25,0.185,6.005576026579853,0.8131999999999999,0.0305,1.1
#6 CYPRESS CREEK DIXIE HWY,2021-08-31,3.3866666666666667,5.91,0.22,6.115407018709311,0.8996666666666667,0.019666666666666666,0.4666666666666666
#6 CYPRESS CREEK DIXIE HWY,2022-02-28,2.54,5.33,0.26,6.29156913955832,0.943,0.026,0.75
#7 CYPRESS CREEK S. PALM AIRE,2006-02-28,6.57,8.35,0.31,6.45833828334479,1.24,0.0185,0.8
#7 CYPRESS CREEK S. PALM AIRE,2006-08-31,8.459999999999999,3.03,0.27,6.3366111028965015,1.034,0.046,1.0750000000000002
#7 CYPRESS CREEK S. PALM AIRE,2007-02-28,2.8649999999999998,7.42,0.32,6.484011339762391,1.23,0.022,0.575
#7 CYPRESS CREEK S. PALM AIRE,2007-08-31,3.125,5.945,0.27,6.323589173929077,0.9735,0.025,0.5
#7 CYPRESS CREEK S. PALM AIRE,2008-02-29,4.734999999999999,7.43,0.245,6.215387490654188,0.679,0.025,0.675
#7 CYPRESS CREEK S. PALM AIRE,2008-08-31,8.275,6.795,0.235,6.199106255630733,0.7905,0.0275,1.25
#7 CYPRESS CREEK S. PALM AIRE,2009-02-28,8.275,6.795,0.235,6.199106255630733,0.7905,0.0275,1.25
#7 CYPRESS CREEK S. PALM AIRE,2009-08-31,3.5566666666666666,5.096666666666667,0.3,6.433323952790988,1.4066666666666665,0.020800000000000003,0.9166666666666666
#7 CYPRESS CREEK S. PALM AIRE,2010-02-28,3.67,6.075,0.27,6.318472778786435,1.1555,0.026500000000000003,0.675
#7 CYPRESS CREEK S. PALM AIRE,2010-08-31,3.6,4.53,0.19,5.981414211254481,1.0,0.021,0.675
#7 CYPRESS CREEK S. PALM AIRE,2011-02-28,4.5,7.015000000000001,0.25,6.251928013768138,1.059,0.027499999999999997,0.475
#7 CYPRESS CREEK S. PALM AIRE,2011-08-31,2.26,7.71,0.34,6.546785410760524,1.14,0.008,0.5
#7 CYPRESS CREEK S. PALM AIRE,2012-02-29,4.86,6.18,0.2,6.016157159698354,1.17,0.02,0.75
#7 CYPRESS CREEK S. PALM AIRE,2012-08-31,8.615,5.95,0.25,6.248904494154997,1.42,0.0365,0.9750000000000001
#7 CYPRESS CREEK S. PALM AIRE,2013-02-28,4.67,7.0600000000000005,0.255,6.246348954878403,1.23,0.027499999999999997,0.65
#7 CYPRESS CREEK S. PALM AIRE,2013-08-31,2.63,3.28,0.25,6.244036805504994,1.3765,0.0275,0.9
#7 CYPRESS CREEK S. PALM AIRE,2014-02-28,5.1499999999999995,5.9350000000000005,0.315,6.48219001447178,1.485,0.017,0.6499999999999999
#7 CYPRESS CREEK S. PALM AIRE,2014-08-31,4.045,5.305,0.27,6.335892916991847,1.485,0.017,1.0
#7 CYPRESS CREEK S. PALM AIRE,2015-02-28,2.11,4.81,0.23,6.182084906716632,1.485,0.017,0.6
#7 CYPRESS CREEK S. PALM AIRE,2015-08-31,2.6833333333333336,5.953333333333333,0.35333333333333333,6.589599556823426,1.258,0.03,0.6
#7 CYPRESS CREEK S. PALM AIRE,2016-02-29,6.79,5.61,0.23,6.175867270105761,1.22,0.071,1.7
#7 CYPRESS CREEK S. PALM AIRE,2016-08-31,1.7566666666666668,4.8999999999999995,0.24666666666666667,6.189557184510377,1.7465000000000002,0.010333333333333333,0.7000000000000001
#7 CYPRESS CREEK S. PALM AIRE,2017-02-28,1.44,5.39,0.32,6.484635235635252,1.2,0.022,0.4
#7 CYPRESS CREEK S. PALM AIRE,2017-08-31,2.1733333333333333,5.876666666666666,0.3066666666666667,6.433967218594709,1.2,0.0175,0.6333333333333333
#7 CYPRESS CREEK S. PALM AIRE,2018-02-28,2.04,6.61,0.29,6.400257445308821,1.2,0.0175,0.45
#7 CYPRESS CREEK S. PALM AIRE,2018-08-31,2.24,3.5650000000000004,0.20500000000000002,6.059619717243115,1.176,0.02,0.65
#7 CYPRESS CREEK S. PALM AIRE,2019-02-28,3.79,5.86,0.28,6.369900982828227,1.176,0.013,0.5
#7 CYPRESS CREEK S. PALM AIRE,2019-08-31,2.643333333333333,5.66,0.32,6.498150228078976,0.8706666666666667,0.015666666666666666,0.7000000000000001
#7 CYPRESS CREEK S. PALM AIRE,2020-02-29,4.975,6.2,0.235,6.214079819441772,0.83155,0.010499999999999999,0.65
#7 CYPRESS CREEK S. PALM AIRE,2020-08-31,6.43,8.02,0.21,6.102558594613569,0.788,0.04,1.9
#7 CYPRESS CREEK S. PALM AIRE,2021-02-28,8.595,6.025,0.19,6.008810167002947,0.8252,0.03,1.15
#7 CYPRESS CREEK S. PALM AIRE,2021-08-31,3.4933333333333336,5.73,0.22,6.123847160110497,0.9376666666666665,0.019666666666666666,0.9333333333333332
#7 CYPRESS CREEK S. PALM AIRE,2022-02-28,1.17,4.58,0.25,6.218600119691729,0.919,0.035,0.5
#8 POMPANO CANAL US 441,2006-02-28,4.630000000000001,8.57,0.35,6.5868610723242424,1.54,0.012,0.75
#8 POMPANO CANAL US 441,2006-08-31,6.41,5.83,0.3,6.443333180009249,1.23,0.0285,1.25
#8 POMPANO CANAL US 441,2007-02-28,2.475,7.875,0.36,6.603098522074925,1.58,0.01175,0.675
#8 POMPANO CANAL US 441,2007-08-31,2.57,5.915,0.335,6.54297416235114,1.3,0.0155,0.675
#8 POMPANO CANAL US 441,2008-02-29,4.105,7.5649999999999995,0.30500000000000005,6.4292601099567195,1.46,0.016,0.6
#8 POMPANO CANAL US 441,2008-08-31,6.92,6.255,0.26,6.289558931191113,0.9864999999999999,0.0235,1.2999999999999998
#8 POMPANO CANAL US 441,2009-02-28,6.92,6.255,0.26,6.289558931191113,0.9864999999999999,0.0235,1.2999999999999998
#8 POMPANO CANAL US 441,2009-08-31,6.933333333333333,5.953333333333333,0.3,6.430622985974665,1.4833333333333334,0.0265,1.1333333333333333
#8 POMPANO CANAL US 441,2010-02-28,6.245,6.22,0.255,6.25890466110511,1.22,0.0188,1.275
#8 POMPANO CANAL US 441,2010-08-31,5.49,3.685,0.245,6.222056345540237,1.225,0.018,0.875
#8 POMPANO CANAL US 441,2011-02-28,2.365,6.68,0.26,6.286145453405121,1.1549999999999998,0.015,0.75
#8 POMPANO CANAL US 441,2011-08-31,7.755,5.79,0.38,6.665680472204103,1.5699999999999998,0.0245,0.65
#8 POMPANO CANAL US 441,2012-02-29,7.18,4.695,0.23,6.146473673256699,1.1800000000000002,0.022,1.25
#8 POMPANO CANAL US 441,2012-08-31,6.48,5.76,0.235,6.204618977064359,1.2599999999999998,0.0185,1.05
#8 POMPANO CANAL US 441,2013-02-28,1.34,6.8,0.255,6.246939855085053,1.335,0.0175,0.475
#8 POMPANO CANAL US 441,2013-08-31,2.62,3.58,0.27,6.2975686661352785,1.3944999999999999,0.0215,0.7
#8 POMPANO CANAL US 441,2014-02-28,1.335,5.3,0.35,6.564838285349277,1.589,0.019,0.55
#8 POMPANO CANAL US 441,2014-08-31,3.1450000000000005,5.6850000000000005,0.355,6.549332385313226,1.589,0.019,0.775
#8 POMPANO CANAL US 441,2015-02-28,0.89,4.57,0.23,6.175867270105761,1.589,0.019,0.7
#8 POMPANO CANAL US 441,2015-08-31,3.6,5.786666666666666,0.38999999999999996,6.679256782463376,1.597,0.03,0.7000000000000001
#8 POMPANO CANAL US 441,2016-02-29,1.6,6.365,0.235,6.1963424918706425,1.02,0.020999999999999998,0.85
#8 POMPANO CANAL US 441,2016-08-31,1.5433333333333332,4.386666666666667,0.24333333333333332,6.184416057370799,1.7245,0.006666666666666665,0.6333333333333333
#8 POMPANO CANAL US 441,2017-02-28,1.4,7.34,0.34,6.5638555265321274,1.19,0.01,0.5
#8 POMPANO CANAL US 441,2017-08-31,3.4973333333333336,5.826666666666667,0.31,6.448570615750383,1.19,0.034,1.0166666666666666
#8 POMPANO CANAL US 441,2018-02-28,1.87,6.42,0.3,6.437751649736401,1.19,0.034,0.7
#8 POMPANO CANAL US 441,2018-08-31,1.755,4.07,0.20500000000000002,6.047347028773393,1.4135,0.021,0.8
#8 POMPANO CANAL US 441,2019-02-28,1.2,4.19,0.3,6.4457198193855785,1.4135,0.006,0.5
#8 POMPANO CANAL US 441,2019-08-31,2.145,5.49,0.37,6.631149608850922,0.97845,0.0135,0.775
#8 POMPANO CANAL US 441,2020-02-29,3.106666666666667,5.546666666666667,0.3133333333333333,6.462960801146465,1.0859666666666667,0.02033333333333333,0.6833333333333332
#8 POMPANO CANAL US 441,2020-08-31,3.86,6.58,0.28,6.363028103540465,1.01,0.017,0.0
#8 POMPANO CANAL US 441,2021-02-28,2.6999999999999997,6.036666666666666,0.25666666666666665,6.25848207801462,1.0924333333333334,0.006000000000000001,0.7999999999999999
#8 POMPANO CANAL US 441,2021-08-31,4.65,3.57,0.2,6.042632833682381,1.052,0.0235,0.675
#8 POMPANO CANAL US 441,2022-02-28,3.14,6.05,0.24,6.212606095751519,0.753,0.011,0.5
#89 NOB HILL RD POMPANO CANAL,2006-02-28,6.42,7.2,0.39,6.687108607866515,2.1,0.026,1.0
#89 NOB HILL RD POMPANO CANAL,2006-08-31,6.02,7.1,0.27,6.345636360828596,1.62,0.032,2.1
#89 NOB HILL RD POMPANO CANAL,2007-02-28,2.355,6.9399999999999995,0.37,6.621539498858369,1.605,0.01375,0.75
#89 NOB HILL RD POMPANO CANAL,2007-08-31,4.805,5.99,0.38,6.664591202899335,1.6949999999999998,0.034999999999999996,1.45
#89 NOB HILL RD POMPANO CANAL,2008-02-29,3.53,5.4,0.35,6.571531820460116,1.88,0.022,0.9
#89 NOB HILL RD POMPANO CANAL,2008-08-31,8.785,5.71,0.28,6.3730299526495,1.0655,0.0235,1.6
#89 NOB HILL RD POMPANO CANAL,2009-02-28,8.785,5.71,0.28,6.3730299526495,1.0655,0.0235,1.6
#89 NOB HILL RD POMPANO CANAL,2009-08-31,7.93,6.555,0.315,6.483380822654878,1.7650000000000001,0.02,1.2000000000000002
#89 NOB HILL RD POMPANO CANAL,2010-02-28,9.29,6.135,0.26,6.301349402485567,1.335,0.0153,0.9500000000000001
#89 NOB HILL RD POMPANO CANAL,2010-08-31,4.885,4.27,0.21,6.077263343823471,1.155,0.016300000000000002,1.225
#89 NOB HILL RD POMPANO CANAL,2011-02-28,3.005,6.485,0.28500000000000003,6.381040968935743,1.4,0.0068000000000000005,0.75
#89 NOB HILL RD POMPANO CANAL,2011-08-31,8.665,5.654999999999999,0.405,6.733158068224732,1.855,0.028499999999999998,0.65
#89 NOB HILL RD POMPANO CANAL,2012-02-29,6.48,4.71,0.22,6.123062371878159,1.2999999999999998,0.0195,0.825
#89 NOB HILL RD POMPANO CANAL,2012-08-31,8.1,5.58,0.295,6.380057896122837,1.5150000000000001,0.017,0.95
#89 NOB HILL RD POMPANO CANAL,2013-02-28,2.18,6.24,0.26,6.238785990485089,1.385,0.022,0.55
#89 NOB HILL RD POMPANO CANAL,2013-08-31,3.73,4.085,0.25,6.244651160377833,1.4169999999999998,0.022,0.7
#89 NOB HILL RD POMPANO CANAL,2014-02-28,2.93,5.82,0.35,6.566839556151326,1.668,0.014,0.75
#89 NOB HILL RD POMPANO CANAL,2014-08-31,4.35,4.785,0.395,6.615842020656896,1.668,0.014,1.5
#89 NOB HILL RD POMPANO CANAL,2015-02-28,3.19,3.84,0.25,6.240275845170769,1.668,0.014,0.75
#89 NOB HILL RD POMPANO CANAL,2015-08-31,5.866666666666667,5.886666666666667,0.36000000000000004,6.574413004038505,1.089,0.041,1.7333333333333334
#89 NOB HILL RD POMPANO CANAL,2016-02-29,3.38,5.35,0.32,6.501289670540389,1.58,0.044,0.8
#89 NOB HILL RD POMPANO CANAL,2016-08-31,2.6633333333333336,4.516666666666667,0.24,6.176976265373632,1.7639999999999998,0.016666666666666666,0.6333333333333333
#89 NOB HILL RD POMPANO CANAL,2017-02-28,2.21,6.86,0.36,6.601230118728877,1.32,0.026,0.5
#89 NOB HILL RD POMPANO CANAL,2017-08-31,2.8000000000000003,5.789999999999999,0.3133333333333333,6.463807197401387,1.32,0.009,0.6833333333333332
#89 NOB HILL RD POMPANO CANAL,2018-02-28,1.74,5.08,0.32,6.48768401848461,1.32,0.009,0.85
#89 NOB HILL RD POMPANO CANAL,2018-08-31,3.0700000000000003,3.58,0.195,6.003392995920092,1.179,0.007000000000000001,0.6000000000000001
#89 NOB HILL RD POMPANO CANAL,2019-02-28,2.99,5.13,0.31,6.46302945692067,1.179,0.007,2.0
#89 NOB HILL RD POMPANO CANAL,2019-08-31,2.615,5.04,0.33999999999999997,6.556725893436793,0.88315,0.016,0.8500000000000001
#89 NOB HILL RD POMPANO CANAL,2020-02-29,3.9333333333333336,5.703333333333333,0.31,6.451930341326759,1.0971333333333333,0.014,0.75
#89 NOB HILL RD POMPANO CANAL,2020-08-31,1.57,7.76,0.25,6.26530121273771,0.91,0.011,0.0
#89 NOB HILL RD POMPANO CANAL,2021-02-28,2.966666666666667,5.833333333333333,0.2333333333333333,6.153383065215563,0.9840333333333332,0.0036666666666666666,0.5666666666666667
#89 NOB HILL RD POMPANO CANAL,2021-08-31,5.51,5.37,0.27,6.324358962381311,1.4105,0.049,0.775
#89 NOB HILL RD POMPANO CANAL,2022-02-28,2.9,4.94,0.29,6.38856140554563,1.04,0.008,0.55
