Location,Sample Date,Site #,Chlorophyll A,Dissolved Oxygen,Salinity,Specific Conductance,Total Nitrogen,Total Phosphorus,Turbidity
#1 HILLSBORO CANAL US 1,2006-12-31,1.0,5.875,5.8875,17.675,28800.0,0.9127500000000001,0.1,1.675
#1 HILLSBORO CANAL US 1,2007-12-31,1.0,9.5675,6.1175,20.845,33125.0,0.8686666666666666,0.09166666666666667,1.95
#1 HILLSBORO CANAL US 1,2008-12-31,1.0,8.466666666666667,5.546666666666667,13.466666666666667,22500.0,1.2933333333333332,0.11266666666666665,2.266666666666667
#1 HILLSBORO CANAL US 1,2009-12-31,1.0,9.1125,4.63,16.715,26982.5,0.7615000000000001,0.11866666666666666,2.2
#1 HILLSBORO CANAL US 1,2010-12-31,1.0,4.46,5.4175,15.79525,25274.25,0.686,0.083,1.75
#1 HILLSBORO CANAL US 1,2011-12-31,1.0,4.1025,5.525,23.225,36625.0,0.535,0.0965,1.5499999999999998
#1 HILLSBORO CANAL US 1,2012-12-31,1.0,6.155,5.5225,18.3,29600.0,0.7717499999999999,0.0925,1.4000000000000001
#1 HILLSBORO CANAL US 1,2013-12-31,1.0,6.109999999999999,5.145,14.517500000000002,22167.5,0.7847500000000001,0.08499999999999999,1.9875
#1 HILLSBORO CANAL US 1,2015-12-31,1.0,4.38,5.37,17.295,27960.0,0.6379999999999999,0.124,1.9
#1 HILLSBORO CANAL US 1,2016-12-31,1.0,4.45,5.675,8.0075,13124.75,1.3446666666666667,0.07475,1.775
#1 HILLSBORO CANAL US 1,2018-12-31,1.0,6.4425,4.81,15.817499999999999,32575.0,1.4175,0.09999999999999999,2.325
#1 HILLSBORO CANAL US 1,2019-12-31,1.0,6.18,5.2225,14.3325,22800.0,0.7021,0.15125,2.25
#1 HILLSBORO CANAL US 1,2020-12-31,1.0,3.625,4.9625,11.1175,18262.5,0.8090250000000001,0.12125,1.55
#1 HILLSBORO CANAL US 1,2021-12-31,1.0,5.5825,5.085,16.35,26700.0,0.6545,0.13824999999999998,1.5
#10 MIDDLE RIVER E SUNRISE,2006-12-31,10.0,4.0525,6.2275,21.95,34975.0,0.9253333333333335,0.038,0.9
#10 MIDDLE RIVER E SUNRISE,2007-12-31,10.0,2.3775,6.1125,22.95,36250.0,0.7276666666666666,0.05566666666666667,1.0
#10 MIDDLE RIVER E SUNRISE,2008-12-31,10.0,3.453333333333333,5.946666666666666,23.866666666666664,37633.333333333336,0.9573333333333333,0.042,1.1833333333333333
#10 MIDDLE RIVER E SUNRISE,2009-12-31,10.0,2.0875,5.13,20.450000000000003,32650.0,0.60575,0.03966666666666666,1.4249999999999998
#10 MIDDLE RIVER E SUNRISE,2010-12-31,10.0,2.3825000000000003,5.3149999999999995,16.615,27075.0,0.82375,0.04375,0.925
#10 MIDDLE RIVER E SUNRISE,2011-12-31,10.0,2.215,6.18,28.8,44600.0,0.4835,0.05275,1.075
#10 MIDDLE RIVER E SUNRISE,2012-12-31,10.0,3.0525,6.0175,23.4,36875.0,0.474,0.04625,0.7999999999999999
#10 MIDDLE RIVER E SUNRISE,2013-12-31,10.0,4.055,5.8675,19.55,30935.5,0.6685,0.045,0.9625
#10 MIDDLE RIVER E SUNRISE,2015-12-31,10.0,2.365,5.325,25.825,40425.0,0.5495,0.073,0.9375
#10 MIDDLE RIVER E SUNRISE,2016-12-31,10.0,6.720000000000001,6.025,20.575,32850.0,0.8565,0.08566666666666667,0.875
#10 MIDDLE RIVER E SUNRISE,2018-12-31,10.0,5.1175,5.395,18.92,34100.0,0.631,0.09300000000000001,1.25
#10 MIDDLE RIVER E SUNRISE,2019-12-31,10.0,2.4725,5.4925,24.45,39300.0,0.46995,0.2075,1.1375
#10 MIDDLE RIVER E SUNRISE,2020-12-31,10.0,2.64,4.8825,12.9,21040.0,0.799125,0.06475,2.1
#10 MIDDLE RIVER E SUNRISE,2021-12-31,10.0,2.2125,5.63,21.1,33700.0,0.48350000000000004,0.1095,0.95
#11 MIDDLE RIVER NW 21ST AVE,2006-12-31,11.0,12.73375,7.6225,2.085,3849.625,1.176375,0.049,1.55
#11 MIDDLE RIVER NW 21ST AVE,2007-12-31,11.0,12.04,5.61125,5.4350000000000005,9093.375,1.0998333333333334,0.07383333333333333,1.75
#11 MIDDLE RIVER NW 21ST AVE,2008-12-31,11.0,17.43166666666667,4.963333333333334,4.3183333333333325,7589.666666666667,1.485,0.06466666666666666,1.6333333333333335
#11 MIDDLE RIVER NW 21ST AVE,2009-12-31,11.0,4.09875,4.733750000000001,3.7375,6255.75,1.022,0.011066666666666667,1.125
#11 MIDDLE RIVER NW 21ST AVE,2010-12-31,11.0,5.351249999999999,5.637499999999999,0.7175,1390.75,0.96875,0.023275,1.075
#11 MIDDLE RIVER NW 21ST AVE,2011-12-31,11.0,7.4575,6.44,7.16875,12301.375,0.76875,0.067375,1.275
#11 MIDDLE RIVER NW 21ST AVE,2012-12-31,11.0,7.50625,5.5275,3.8499999999999996,6732.5,0.880875,0.035250000000000004,1.5
#11 MIDDLE RIVER NW 21ST AVE,2013-12-31,11.0,6.38,4.4075,2.8525,4918.25,1.14525,0.039999999999999994,2.2
#11 MIDDLE RIVER NW 21ST AVE,2015-12-31,11.0,18.675,6.45,4.6475,8192.75,1.265,0.0795,2.075
#11 MIDDLE RIVER NW 21ST AVE,2016-12-31,11.0,7.245,4.605,2.7425,4928.0,1.01,0.055,1.4375
#11 MIDDLE RIVER NW 21ST AVE,2017-12-31,11.0,11.89,6.1499999999999995,7.476666666666667,12639.333333333334,1.684,0.08449999999999999,1.8
#11 MIDDLE RIVER NW 21ST AVE,2018-12-31,11.0,21.5625,4.8575,2.59,4660.25,1.159,0.034999999999999996,2.25
#11 MIDDLE RIVER NW 21ST AVE,2019-12-31,11.0,18.2925,5.3525,2.3425000000000002,4339.0,0.9751000000000001,0.06825,1.7999999999999998
#11 MIDDLE RIVER NW 21ST AVE,2020-12-31,11.0,6.8999999999999995,4.3525,0.2475,477.25,0.997025,0.0225,1.65
#11 MIDDLE RIVER NW 21ST AVE,2021-12-31,11.0,11.335,6.05,0.37000000000000005,760.3333333333334,0.8200000000000001,0.045750000000000006,1.525
#110 POMPANO CANAL AT DIXIE AN,2006-12-31,110.0,19.525000000000002,6.1375,0.2375,495.5,0.7977500000000001,0.04575,2.2
#110 POMPANO CANAL AT DIXIE AN,2007-12-31,110.0,16.175,6.435,0.23,477.0,0.843,0.049666666666666665,2.925
#110 POMPANO CANAL AT DIXIE AN,2008-12-31,110.0,19.166666666666668,5.533333333333334,0.22333333333333336,469.0,0.899,0.07233333333333333,10.033333333333333
#110 POMPANO CANAL AT DIXIE AN,2009-12-31,110.0,15.465,4.53,0.2825,583.25,1.26,0.14433333333333334,2.3
#110 POMPANO CANAL AT DIXIE AN,2010-12-31,110.0,4.215,3.7649999999999997,0.22749999999999998,474.0,1.17,0.08650000000000001,2.575
#110 POMPANO CANAL AT DIXIE AN,2011-12-31,110.0,6.223333333333334,8.015,0.2175,456.5,1.15875,0.0605,1.225
#110 POMPANO CANAL AT DIXIE AN,2012-12-31,110.0,6.0725,5.3625,0.2,417.5,1.02725,0.052250000000000005,1.3375
#110 POMPANO CANAL AT DIXIE AN,2013-12-31,110.0,12.5125,5.7725,0.245,507.0,1.16025,0.07525000000000001,1.8
#110 POMPANO CANAL AT DIXIE AN,2015-12-31,110.0,3.8350000000000004,5.758,0.28200000000000003,578.4,1.153,0.08,1.8125
#110 POMPANO CANAL AT DIXIE AN,2016-12-31,110.0,6.779999999999999,4.484999999999999,0.275,568.25,1.3343333333333334,0.06375,1.075
#110 POMPANO CANAL AT DIXIE AN,2018-12-31,110.0,10.2225,4.6175,0.26666666666666666,520.0,0.874,0.07633333333333334,2.075
#110 POMPANO CANAL AT DIXIE AN,2019-12-31,110.0,10.850000000000001,5.635,0.2525,521.25,0.6933750000000001,0.05,2.15
#110 POMPANO CANAL AT DIXIE AN,2020-12-31,110.0,12.065,4.7075,0.215,473.25,0.82975,0.09025,1.9
#110 POMPANO CANAL AT DIXIE AN,2021-12-31,110.0,9.34,5.073333333333333,0.22666666666666666,475.0,0.94025,0.056999999999999995,1.525
#111 S. FORK MID R. @ N.E. 15,2006-12-31,111.0,24.13,7.2475000000000005,10.9125,18565.0,0.9795,0.05025,1.4625
#111 S. FORK MID R. @ N.E. 15,2007-12-31,111.0,6.1675,5.285,14.33,23700.0,1.023,0.06866666666666667,1.1875
#111 S. FORK MID R. @ N.E. 15,2008-12-31,111.0,7.933333333333334,4.716666666666667,12.94,21426.666666666668,1.1986666666666668,0.06,1.4333333333333333
#111 S. FORK MID R. @ N.E. 15,2009-12-31,111.0,9.8575,5.57,9.205,15352.5,0.8235,0.04633333333333334,1.4875
#111 S. FORK MID R. @ N.E. 15,2010-12-31,111.0,4.9275,5.2175,9.3215,15910.0,0.8280000000000001,0.04575,1.575
#111 S. FORK MID R. @ N.E. 15,2011-12-31,111.0,6.0024999999999995,5.656666666666666,16.775000000000002,27037.5,0.758,0.063,1.1125
#111 S. FORK MID R. @ N.E. 15,2012-12-31,111.0,8.58,5.75,11.908999999999999,19705.0,0.8205,0.0605,1.625
#111 S. FORK MID R. @ N.E. 15,2013-12-31,111.0,12.0025,4.7675,11.16,14000.25,1.03275,0.05366666666666667,1.55
#111 S. FORK MID R. @ N.E. 15,2015-12-31,111.0,7.4325,4.684,14.294,23414.0,0.831,0.062,1.525
#111 S. FORK MID R. @ N.E. 15,2016-12-31,111.0,4.36,5.4775,11.965,19840.0,0.8686666666666666,0.0515,1.2375
#111 S. FORK MID R. @ N.E. 15,2018-12-31,111.0,12.147499999999999,4.6325,10.085,16742.5,0.942,0.08133333333333333,1.9000000000000001
#111 S. FORK MID R. @ N.E. 15,2019-12-31,111.0,4.955,4.355,15.6,25245.0,0.6005,0.14200000000000002,1.325
#111 S. FORK MID R. @ N.E. 15,2020-12-31,111.0,5.385,4.045,3.815,6700.5,0.9973,0.057249999999999995,2.175
#111 S. FORK MID R. @ N.E. 15,2021-12-31,111.0,6.3725,5.19,10.776666666666666,18300.0,0.62725,0.0745,1.275
#112 N. FORK MID R. @ N.E. 16,2006-12-31,112.0,8.85,6.717499999999999,9.754999999999999,16705.0,1.06975,0.064,1.475
#112 N. FORK MID R. @ N.E. 16,2007-12-31,112.0,5.2275,5.407500000000001,12.86,21525.0,1.1506666666666667,0.08433333333333333,1.35
#112 N. FORK MID R. @ N.E. 16,2008-12-31,112.0,3.563333333333333,4.489999999999999,10.443333333333333,17760.0,1.3363333333333334,0.06966666666666667,1.2666666666666668
#112 N. FORK MID R. @ N.E. 16,2009-12-31,112.0,5.2524999999999995,5.2675,8.409374999999999,13964.25,0.883,0.038,1.3
#112 N. FORK MID R. @ N.E. 16,2010-12-31,112.0,3.7725,5.175,8.838725,15059.75,0.81925,0.04425,1.3
#112 N. FORK MID R. @ N.E. 16,2011-12-31,112.0,4.387499999999999,5.5,14.895,24250.0,0.71825,0.06375,1.025
#112 N. FORK MID R. @ N.E. 16,2012-12-31,112.0,7.046666666666668,5.4025,11.9743,19772.0,0.794,0.0625,1.375
#112 N. FORK MID R. @ N.E. 16,2013-12-31,112.0,6.12,4.5525,8.685,13790.75,1.04825,0.051,1.55
#112 N. FORK MID R. @ N.E. 16,2015-12-31,112.0,4.8025,4.858,12.538,20542.0,0.94,0.07333333333333333,1.3
#112 N. FORK MID R. @ N.E. 16,2016-12-31,112.0,4.965,5.12,11.9475,19670.0,0.8433333333333334,0.04875,1.45
#112 N. FORK MID R. @ N.E. 16,2018-12-31,112.0,10.236666666666666,5.003333333333333,8.76,14780.0,0.724,0.066,2.1333333333333333
#112 N. FORK MID R. @ N.E. 16,2019-12-31,112.0,4.7525,4.505,13.76,23525.0,0.675,0.13624999999999998,1.35
#112 N. FORK MID R. @ N.E. 16,2020-12-31,112.0,4.495,4.592499999999999,1.445,2687.75,1.026075,0.05075,1.9125
#112 N. FORK MID R. @ N.E. 16,2021-12-31,112.0,3.525,5.156666666666666,12.766666666666666,21066.666666666668,0.6055,0.0815,0.975
#12 MIDDLE RIVER NW 31ST AVE,2006-12-31,12.0,1.90875,6.54875,0.29625,611.5,1.151875,0.0120625,3.6125
#12 MIDDLE RIVER NW 31ST AVE,2007-12-31,12.0,1.339375,7.2325,0.3,622.25,1.2133333333333332,0.011999999999999999,0.9
#12 MIDDLE RIVER NW 31ST AVE,2008-12-31,12.0,1.83,6.656666666666666,0.31,642.0,1.51,0.012833333333333334,2.6999999999999997
#12 MIDDLE RIVER NW 31ST AVE,2009-12-31,12.0,1.3725,5.0675,0.265,558.75,1.1925,0.0104,0.775
#12 MIDDLE RIVER NW 31ST AVE,2010-12-31,12.0,1.8399999999999999,5.9475,0.2725,568.0,1.1745,0.010700000000000001,0.8125
#12 MIDDLE RIVER NW 31ST AVE,2011-12-31,12.0,3.2399999999999998,7.05,0.28250000000000003,587.25,1.2675,0.01675,0.825
#12 MIDDLE RIVER NW 31ST AVE,2012-12-31,12.0,4.2575,6.5925,0.2725,566.0,1.35,0.021249999999999998,1.8125
#12 MIDDLE RIVER NW 31ST AVE,2013-12-31,12.0,4.465,4.93,0.27999999999999997,576.25,1.3519999999999999,0.01925,2.15
#12 MIDDLE RIVER NW 31ST AVE,2015-12-31,12.0,1.825,6.17,0.306,634.4,1.5533333333333335,0.028999999999999998,1.375
#12 MIDDLE RIVER NW 31ST AVE,2016-12-31,12.0,4.21,6.1975,0.28500000000000003,593.75,1.295,0.015250000000000001,1.1375000000000002
#12 MIDDLE RIVER NW 31ST AVE,2018-12-31,12.0,3.887,5.135,0.255,532.0,1.3505,0.005,1.0
#12 MIDDLE RIVER NW 31ST AVE,2019-12-31,12.0,1.37025,6.1525,0.28,586.0,1.126125,0.004,0.6875
#12 MIDDLE RIVER NW 31ST AVE,2020-12-31,12.0,4.9125000000000005,5.5325,0.2425,498.5,1.107075,0.012,1.225
#12 MIDDLE RIVER NW 31ST AVE,2021-12-31,12.0,2.87,5.956666666666666,0.24333333333333332,500.0,0.96175,0.0095,1.0625
#120 HILLSBORO CANAL W OF DIXIE HWY,2013-12-31,120.0,3.085,3.91,11.86,18928.0,0.89,0.082,2.55
#120 HILLSBORO CANAL W OF DIXIE HWY,2014-12-31,120.0,5.4525,5.1325,10.785,17715.0,1.3843333333333334,0.09899999999999999,2.125
#120 HILLSBORO CANAL W OF DIXIE HWY,2015-12-31,120.0,4.975,5.23,11.486,18766.0,0.8935,0.1034,2.225
#120 HILLSBORO CANAL W OF DIXIE HWY,2016-12-31,120.0,4.8475,5.6775,6.0075,11143.25,1.1693333333333333,0.03175,1.975
#120 HILLSBORO CANAL W OF DIXIE HWY,2019-12-31,120.0,9.3125,5.3675,7.6775,13042.5,0.8034,0.15475,2.15
#120 HILLSBORO CANAL W OF DIXIE HWY,2020-12-31,120.0,3.69,5.609999999999999,6.35,9971.125,0.9918,0.12875,1.525
#120 HILLSBORO CANAL W OF DIXIE HWY,2021-12-31,120.0,6.345000000000001,5.025,13.100000000000001,22000.0,0.7545,0.14725,1.725
#121 PLANTATION CANAL @ US 441,2013-12-31,121.0,11.587499999999999,4.18,0.1525,320.0,0.715,0.05,1.25
#121 PLANTATION CANAL @ US 441,2014-12-31,121.0,24.979999999999997,7.2787500000000005,0.14250000000000002,298.875,0.9753333333333334,0.0285,4.725
#121 PLANTATION CANAL @ US 441,2015-12-31,121.0,8.854583333333334,6.53625,0.18125,382.25,0.824375,0.04625,0.775
#121 PLANTATION CANAL @ US 441,2016-12-31,121.0,4.262499999999999,7.26125,0.16375,342.0,0.7935,0.015833333333333335,1.2
#121 PLANTATION CANAL @ US 441,2018-12-31,121.0,20.0075,6.84875,0.1825,383.25,1.0867499999999999,0.042666666666666665,4.025
#121 PLANTATION CANAL @ US 441,2019-12-31,121.0,10.3464,7.085,0.2275,472.75,0.7217,0.0208,2.8334
#121 PLANTATION CANAL @ US 441,2020-12-31,121.0,7.81,6.6025,0.175,376.5,0.8490666666666667,0.04925,3.7
#121 PLANTATION CANAL @ US 441,2021-12-31,121.0,8.22,6.62,0.21666666666666667,451.3333333333333,0.89775,0.036750000000000005,2.0
#122 N NEW RIVER CANAL @ UNIVERSITY DR,2013-12-31,122.0,1.975,1.77,0.32,659.5,1.533,0.023,0.7
#122 N NEW RIVER CANAL @ UNIVERSITY DR,2014-12-31,122.0,2.2275,5.4475,0.3075,635.75,1.2956666666666667,0.0019999999999999996,1.2875
#122 N NEW RIVER CANAL @ UNIVERSITY DR,2015-12-31,122.0,4.365,5.3175,0.35,724.0,1.654,0.0395,5.125
#122 N NEW RIVER CANAL @ UNIVERSITY DR,2016-12-31,122.0,2.2275,4.3025,0.33,682.5,1.7046666666666666,0.008,0.8625
#122 N NEW RIVER CANAL @ UNIVERSITY DR,2018-12-31,122.0,1.49075,4.135,0.27249999999999996,562.75,1.323,0.03266666666666667,0.825
#122 N NEW RIVER CANAL @ UNIVERSITY DR,2019-12-31,122.0,3.060916666666667,4.217272727272728,0.3172727272727273,654.4545454545455,1.2821916666666666,0.008136363636363636,1.1500000000000001
#122 N NEW RIVER CANAL @ UNIVERSITY DR,2020-12-31,122.0,4.2231000000000005,4.474,0.308,648.1,1.357625,0.0109,3.195
#122 N NEW RIVER CANAL @ UNIVERSITY DR,2021-12-31,122.0,2.86175,5.44,0.2833333333333333,589.0,1.3375,0.00425,1.025
#123 N NEW RIVER CANAL @ SECRET WOODS,2013-12-31,123.0,4.07,4.17,0.965,1917.5,1.53,0.0315,1.8
#123 N NEW RIVER CANAL @ SECRET WOODS,2014-12-31,123.0,7.65,5.359999999999999,5.6175,19577.25,1.577333333333333,0.043000000000000003,1.7
#123 N NEW RIVER CANAL @ SECRET WOODS,2015-12-31,123.0,6.6049999999999995,5.645,12.540000000000001,21050.0,0.99375,0.0385,1.3625
#123 N NEW RIVER CANAL @ SECRET WOODS,2016-12-31,123.0,5.8925,5.105,3.0475000000000003,5480.0,1.51,0.024833333333333332,1.875
#123 N NEW RIVER CANAL @ SECRET WOODS,2018-12-31,123.0,10.25,5.6175,8.1225,13620.0,1.3613333333333333,0.051,3.55
#123 N NEW RIVER CANAL @ SECRET WOODS,2019-12-31,123.0,6.1274999999999995,5.0675,7.085000000000001,12187.5,0.9746,0.077,1.725
#123 N NEW RIVER CANAL @ SECRET WOODS,2020-12-31,123.0,6.217499999999999,4.0625,2.485,4542.5,1.295525,0.04775,2.85
#123 N NEW RIVER CANAL @ SECRET WOODS,2021-12-31,123.0,8.39,5.38,3.033333333333333,5843.333333333333,1.0315,0.067,1.1625
#124 S NEW RIVER CANAL @ FL TPK,2013-12-31,124.0,6.177499999999999,1.96,0.32999999999999996,679.5,1.637,0.03525,2.25
#124 S NEW RIVER CANAL @ FL TPK,2014-12-31,124.0,7.84,4.449999999999999,0.31625,652.0,1.5395,0.04783333333333334,2.8875
#124 S NEW RIVER CANAL @ FL TPK,2015-12-31,124.0,7.19125,3.7249999999999996,0.305,633.25,1.7131249999999998,0.0805,2.575
#124 S NEW RIVER CANAL @ FL TPK,2016-12-31,124.0,5.2125,2.2512499999999998,0.35,716.75,1.5318333333333332,0.014624999999999999,2.225
#124 S NEW RIVER CANAL @ FL TPK,2018-12-31,124.0,6.91625,3.18625,0.3125,651.625,1.6345,0.04416666666666667,2.35
#124 S NEW RIVER CANAL @ FL TPK,2019-12-31,124.0,6.7325,3.065,0.3,625.5,1.544425,0.04075,3.2
#124 S NEW RIVER CANAL @ FL TPK,2020-12-31,124.0,4.5675,3.2175000000000002,0.28500000000000003,594.25,1.5681,0.0315,1.325
#124 S NEW RIVER CANAL @ FL TPK,2021-12-31,124.0,9.6525,2.2933333333333334,0.316,656.3333333333334,1.54,0.041249999999999995,2.5999999999999996
#125 Las Olas Canal @ NE 21 Ave,2019-12-31,125.0,3.38,5.9975000000000005,25.45,40000.0,0.40285000000000004,0.202,0.9625
#125 Las Olas Canal @ NE 21 Ave,2020-12-31,125.0,2.5966666666666667,5.396666666666666,15.933333333333332,25733.333333333332,0.7984333333333332,0.06066666666666667,0.9
#125 Las Olas Canal @ NE 21 Ave,2021-12-31,125.0,2.8775,6.33,22.049999999999997,35850.0,0.45899999999999996,0.105,0.575
#126 POMPANO CANAL @ AVONDALE PARK,2013-12-31,126.0,14.14,3.545,0.225,468.0,0.8975,0.131,3.4
#126 POMPANO CANAL @ AVONDALE PARK,2014-12-31,126.0,3.95,3.715,0.29000000000000004,600.0,1.3539999999999999,0.107,1.7750000000000001
#126 POMPANO CANAL @ AVONDALE PARK,2015-12-31,126.0,9.74,5.66,0.305,635.5,1.4825000000000002,0.08675,3.25
#126 POMPANO CANAL @ AVONDALE PARK,2016-12-31,126.0,17.263333333333335,4.973333333333334,0.27666666666666667,578.6666666666666,1.5465,0.07933333333333333,1.95
#128 SW 30th Ave North of Griffin Road,2019-12-31,128.0,3.59,2.535,2.02,3820.0,1.65885,0.0465,2.0
#128 SW 30th Ave North of Griffin Road,2020-12-31,128.0,2.78225,3.195,4.6475,8070.0,1.329675,0.0525,1.125
#128 SW 30th Ave North of Griffin Road,2021-12-31,128.0,7.1049999999999995,3.0033333333333334,3.9233333333333333,6953.333333333333,1.228,0.0435,1.45
#129 Taft Street,2019-12-31,129.0,3.41,4.14,3.4819999999999998,6210.0,0.9377,0.07,0.675
#129 Taft Street,2020-12-31,129.0,6.297499999999999,3.995,4.5025,7975.0,0.8786499999999999,0.0495,0.6375
#129 Taft Street,2021-12-31,129.0,14.5625,5.8066666666666675,6.523333333333333,10933.333333333334,0.78575,0.06725,1.2375
#14 MIDDLE RIVER UNIVERS. DRV,2006-12-31,14.0,4.224375,4.34,0.3225,660.25,1.295,0.006875,1.4375
#14 MIDDLE RIVER UNIVERS. DRV,2007-12-31,14.0,4.699375,6.2575,0.33,678.75,1.5666666666666667,0.013,2.4375
#14 MIDDLE RIVER UNIVERS. DRV,2008-12-31,14.0,2.4466666666666668,5.076666666666667,0.3333333333333333,684.6666666666666,1.5966666666666667,0.011333333333333334,1.3499999999999999
#14 MIDDLE RIVER UNIVERS. DRV,2009-12-31,14.0,2.08,4.0125,0.2875,599.25,1.42,0.0114,1.525
#14 MIDDLE RIVER UNIVERS. DRV,2010-12-31,14.0,3.4175,4.1049999999999995,0.295,612.75,1.37,0.00995,0.95
#14 MIDDLE RIVER UNIVERS. DRV,2013-12-31,14.0,5.3925,3.7849999999999997,0.2925,606.0,1.4425,0.021,1.8375
#14 MIDDLE RIVER UNIVERS. DRV,2015-12-31,14.0,6.7875,5.54,0.3125,649.75,1.5945,0.035,1.9
#14 MIDDLE RIVER UNIVERS. DRV,2016-12-31,14.0,6.37,4.8175,0.2975,616.25,1.4253333333333333,0.00925,1.675
#14 MIDDLE RIVER UNIVERS. DRV,2018-12-31,14.0,5.0525,3.1275,0.2575,540.75,1.317,0.009000000000000001,1.825
#14 MIDDLE RIVER UNIVERS. DRV,2019-12-31,14.0,7.02,4.3125,0.3125,644.5,1.1332,0.01075,2.175
#14 MIDDLE RIVER UNIVERS. DRV,2020-12-31,14.0,6.815,5.3575,0.25,515.75,1.2265000000000001,0.009999999999999998,1.925
#14 MIDDLE RIVER UNIVERS. DRV,2021-12-31,14.0,6.9350000000000005,4.376666666666666,0.26666666666666666,553.6666666666666,1.22,0.00775,2.3
#15 NEW RIVER ANDREWS AVE,2006-12-31,15.0,4.13125,5.48875,14.30875,23470.0,1.51,0.035875000000000004,1.35
#15 NEW RIVER ANDREWS AVE,2007-12-31,15.0,1.9575,6.05,23.2375,36300.0,1.0826666666666667,0.04766666666666667,1.425
#15 NEW RIVER ANDREWS AVE,2008-12-31,15.0,2.436666666666667,5.656666666666666,18.900000000000002,30533.333333333332,1.2466666666666668,0.038,1.7
#15 NEW RIVER ANDREWS AVE,2009-12-31,15.0,4.8100000000000005,5.1175,14.530000000000001,23737.5,0.88775,0.041666666666666664,1.6666666666666667
#15 NEW RIVER ANDREWS AVE,2010-12-31,15.0,10.575,5.5925,8.2975,14167.5,1.041,0.035500000000000004,2.025
#15 NEW RIVER ANDREWS AVE,2011-12-31,15.0,4.4425,5.6850000000000005,23.974999999999998,37825.0,0.60975,0.04775,1.5333333333333332
#15 NEW RIVER ANDREWS AVE,2012-12-31,15.0,2.02,6.1275,24.35,38325.0,0.51925,0.04833333333333333,0.9125000000000001
#15 NEW RIVER ANDREWS AVE,2013-12-31,15.0,4.28,5.1225,13.475,21317.5,0.97075,0.043000000000000003,1.725
#15 NEW RIVER ANDREWS AVE,2015-12-31,15.0,1.9725000000000001,4.622,16.419999999999998,26422.0,0.9196,0.041600000000000005,0.95
#15 NEW RIVER ANDREWS AVE,2016-12-31,15.0,3.9725,4.4975000000000005,6.125,10565.0,1.416,0.036333333333333336,1.225
#15 NEW RIVER ANDREWS AVE,2018-12-31,15.0,6.3875,5.465,21.6075,34250.0,0.7849999999999999,0.18699999999999997,2.125
#15 NEW RIVER ANDREWS AVE,2019-12-31,15.0,3.1056666666666666,4.761818181818182,17.439090909090908,27765.454545454544,0.6612916666666667,0.1396666666666667,1.3708333333333333
#15 NEW RIVER ANDREWS AVE,2020-12-31,15.0,2.2755,4.7,14.401,23063.0,0.887375,0.0717,1.31
#15 NEW RIVER ANDREWS AVE,2021-12-31,15.0,1.6175000000000002,5.523333333333333,25.566666666666666,42333.333333333336,0.4435,0.14200000000000002,1.0125
#16 NORTH FORK BROWARD BLVD,2006-12-31,16.0,34.515,6.645,3.013,5905.0,1.635,0.1035,3.675
#16 NORTH FORK BROWARD BLVD,2007-12-31,16.0,15.26,5.612500000000001,10.719999999999999,17880.0,1.3666666666666665,0.08566666666666667,3.0
#16 NORTH FORK BROWARD BLVD,2008-12-31,16.0,20.133333333333333,5.6933333333333325,5.920000000000001,10523.333333333334,1.8633333333333333,0.08466666666666667,3.633333333333333
#16 NORTH FORK BROWARD BLVD,2009-12-31,16.0,47.150000000000006,5.1675,6.4350000000000005,10748.75,0.877,0.078,2.9
#16 NORTH FORK BROWARD BLVD,2010-12-31,16.0,17.3025,5.1274999999999995,2.4125,4873.25,0.94375,0.078,2.9
#16 NORTH FORK BROWARD BLVD,2011-12-31,16.0,21.245,6.125,12.5675,20945.0,0.9817499999999999,0.1085,2.8666666666666667
#16 NORTH FORK BROWARD BLVD,2012-12-31,16.0,9.5075,5.4375,9.8925,16990.0,0.97725,0.0835,1.775
#16 NORTH FORK BROWARD BLVD,2013-12-31,16.0,15.4875,5.285,6.828250000000001,11223.25,0.9115,0.0905,2.7750000000000004
#16 NORTH FORK BROWARD BLVD,2015-12-31,16.0,14.45,4.405,11.9175,20002.5,0.865,0.078,2.375
#16 NORTH FORK BROWARD BLVD,2016-12-31,16.0,31.81,5.21,5.82,10411.0,1.2850000000000001,0.06666666666666667,2.825
#16 NORTH FORK BROWARD BLVD,2018-12-31,16.0,20.326666666666668,5.829999999999999,6.286666666666666,10543.333333333334,0.9665,0.09000000000000001,3.466666666666667
#16 NORTH FORK BROWARD BLVD,2019-12-31,16.0,8.43,3.9225,11.675,19452.5,0.717525,0.14350000000000002,1.7125
#16 NORTH FORK BROWARD BLVD,2020-12-31,16.0,6.85,3.6625,2.0925000000000002,3811.25,0.969825,0.10125,2.275
#16 NORTH FORK BROWARD BLVD,2021-12-31,16.0,11.3875,4.6466666666666665,7.169999999999999,12600.0,0.8534999999999999,0.08975,1.35
#17 PLANTATION CANAL @ S-33,2019-12-31,17.0,4.95,2.37,2.8350000000000004,5444.0,0.8751500000000001,0.096,2.05
#17 PLANTATION CANAL @ S-33,2020-12-31,17.0,6.8477500000000004,6.22,0.1875,395.0,0.885275,0.052500000000000005,5.825
#17 PLANTATION CANAL @ S-33,2021-12-31,17.0,25.787499999999998,4.48,24.283333333333335,474.0,0.9007499999999999,0.06775,2.2249999999999996
#19 NEW RIVER RIVER REACH,2006-12-31,19.0,5.145,5.865,5.82425,10542.5,1.7075,0.0325,1.2125
#19 NEW RIVER RIVER REACH,2007-12-31,19.0,3.2075,5.83,13.2075,21725.0,1.3013333333333332,0.057,1.275
#19 NEW RIVER RIVER REACH,2008-12-31,19.0,4.226666666666667,5.640000000000001,10.033333333333333,17006.666666666668,1.6933333333333334,0.04133333333333333,1.5333333333333332
#19 NEW RIVER RIVER REACH,2009-12-31,19.0,11.105,5.3875,8.2705,13922.5,1.07175,0.050666666666666665,1.35
#19 NEW RIVER RIVER REACH,2010-12-31,19.0,10.56,5.555,2.94075,5792.5,1.3199999999999998,0.037250000000000005,1.8499999999999999
#19 NEW RIVER RIVER REACH,2011-12-31,19.0,8.845,5.4375,17.4025,28200.0,0.883,0.04775,1.1333333333333333
#19 NEW RIVER RIVER REACH,2012-12-31,19.0,2.6375,5.89,15.004999999999999,24725.0,0.8585,0.0495,0.8875
#19 NEW RIVER RIVER REACH,2013-12-31,19.0,4.9575,4.6674999999999995,7.485,12272.0,1.2705,0.042249999999999996,1.425
#19 NEW RIVER RIVER REACH,2015-12-31,19.0,2.4975,4.5625,13.905,23075.0,0.989,0.0475,0.825
#19 NEW RIVER RIVER REACH,2016-12-31,19.0,3.6525,4.3625,4.154999999999999,7390.0,1.627,0.03466666666666667,1.1125
#19 NEW RIVER RIVER REACH,2018-12-31,19.0,7.995000000000001,5.00625,13.59125,22311.25,1.2890000000000001,0.09766666666666668,1.9
#19 NEW RIVER RIVER REACH,2019-12-31,19.0,4.1575,4.422727272727273,10.85,17567.272727272728,0.8796333333333334,0.10841666666666666,1.4708333333333332
#19 NEW RIVER RIVER REACH,2020-12-31,19.0,2.6524,3.967,7.204000000000001,12083.0,1.11145,0.0536,1.275
#19 NEW RIVER RIVER REACH,2021-12-31,19.0,3.3125,4.32,9.42,15333.333333333334,0.90675,0.0715,0.825
#2 HILLSBORO LOCK,2013-12-31,2.0,6.244999999999999,4.8725000000000005,0.278,579.75,1.3587500000000001,0.08374999999999999,1.55
#2 HILLSBORO LOCK,2015-12-31,2.0,10.0425,5.8425,0.3275,675.75,1.275,0.11399999999999999,5.925000000000001
#2 HILLSBORO LOCK,2016-12-31,2.0,2.19,6.0175,0.3125,646.75,1.3043333333333333,0.03225,1.475
#2 HILLSBORO LOCK,2018-12-31,2.0,6.67,5.3125,0.2875,448.25,1.4785,0.06433333333333334,1.425
#2 HILLSBORO LOCK,2019-12-31,2.0,8.805,5.6325,0.2925,602.75,0.9799,0.10575,1.575
#2 HILLSBORO LOCK,2020-12-31,2.0,5.885,4.8275,0.995,1747.25,1.015025,0.07975,1.0625
#2 HILLSBORO LOCK,2021-12-31,2.0,6.1575,4.476666666666667,0.31,637.3333333333334,1.02,0.1005,0.675
#20 N NEW RIV BRADFORD MARINA,2006-12-31,20.0,4.38875,5.13125,3.84375,7210.0,1.86625,0.028375,1.875
#20 N NEW RIV BRADFORD MARINA,2007-12-31,20.0,6.7025,6.245,9.5,16112.5,1.46,0.05133333333333334,2.65
#20 N NEW RIV BRADFORD MARINA,2008-12-31,20.0,11.18,6.303333333333334,4.502666666666667,8183.333333333333,1.9633333333333336,0.035666666666666666,2.0
#20 N NEW RIV BRADFORD MARINA,2009-12-31,20.0,10.862499999999999,4.640000000000001,6.2575,10394.75,1.1007500000000001,0.027333333333333334,1.125
#20 N NEW RIV BRADFORD MARINA,2010-12-31,20.0,9.79,5.1899999999999995,1.074125,2594.0,1.43,0.0315,2.1500000000000004
#20 N NEW RIV BRADFORD MARINA,2011-12-31,20.0,11.137500000000001,5.545,10.73775,17917.5,1.1445,0.04975,2.65
#20 N NEW RIV BRADFORD MARINA,2012-12-31,20.0,5.99,5.7425,9.31,16012.5,1.17,0.042749999999999996,1.35
#20 N NEW RIV BRADFORD MARINA,2013-12-31,20.0,6.2775,4.7725,6.5355,10917.5,1.26025,0.047,1.9000000000000001
#20 N NEW RIV BRADFORD MARINA,2015-12-31,20.0,3.91,4.993333333333333,10.193333333333333,17200.0,1.49,0.042,1.2166666666666668
#20 N NEW RIV BRADFORD MARINA,2016-12-31,20.0,3.9275,5.02,2.6825,4832.75,1.4815,0.027,1.0125
#20 N NEW RIV BRADFORD MARINA,2018-12-31,20.0,8.7575,4.9125,6.7925,11347.0,1.3886666666666667,0.041,2.7
#20 N NEW RIV BRADFORD MARINA,2019-12-31,20.0,7.390000000000001,4.4809090909090905,3.439090909090909,6061.727272727273,1.1533416666666667,0.04225,1.6624999999999999
#20 N NEW RIV BRADFORD MARINA,2020-12-31,20.0,5.4030000000000005,4.194,3.144,5399.3,1.185425,0.029199999999999997,1.3
#20 N NEW RIV BRADFORD MARINA,2021-12-31,20.0,15.5375,4.77,1.7700000000000002,3393.3333333333335,1.12525,0.05675,1.3499999999999999
#22 N NEW RIVER SW 125 AVE,2006-12-31,22.0,4.1475,2.8375,0.355,731.5,1.455,0.0072499999999999995,1.1
#22 N NEW RIVER SW 125 AVE,2007-12-31,22.0,3.4499999999999997,4.68,0.36000000000000004,736.6666666666666,1.8050000000000002,0.0155,1.2833333333333334
#22 N NEW RIVER SW 125 AVE,2008-12-31,22.0,7.463333333333334,4.326666666666667,0.3566666666666667,734.3333333333334,1.89,0.033999999999999996,1.9000000000000001
#22 N NEW RIVER SW 125 AVE,2009-12-31,22.0,4.5175,2.16,0.32999999999999996,655.5,1.595,0.028533333333333338,2.4124999999999996
#22 N NEW RIVER SW 125 AVE,2010-12-31,22.0,4.0375,1.875,0.315,655.75,1.6949999999999998,0.0143,0.95
#22 N NEW RIVER SW 125 AVE,2011-12-31,22.0,3.63,2.645,0.33,682.5,1.6875,0.014,1.8250000000000002
#22 N NEW RIVER SW 125 AVE,2012-12-31,22.0,4.26,3.71,0.33,674.5,1.645,0.02075,2.0
#22 N NEW RIVER SW 125 AVE,2013-12-31,22.0,3.3200000000000003,2.9175,0.3,625.0,1.52625,0.021,1.1500000000000001
#22 N NEW RIVER SW 125 AVE,2015-12-31,22.0,4.585,3.444,0.348,720.6,1.6609999999999998,0.018666666666666668,1.075
#22 N NEW RIVER SW 125 AVE,2016-12-31,22.0,2.4225000000000003,3.1525,0.3325,689.25,1.595,0.0155,0.9375
#22 N NEW RIVER SW 125 AVE,2018-12-31,22.0,1.705,2.875,0.2825,590.25,1.476,0.013,1.55
#22 N NEW RIVER SW 125 AVE,2019-12-31,22.0,3.225,1.2349999999999999,0.32,668.0,1.4292500000000001,0.0025,0.975
#22 N NEW RIVER SW 125 AVE,2020-12-31,22.0,1.9575,3.2225,0.305,627.75,1.387875,0.005,1.3125
#22 N NEW RIVER SW 125 AVE,2021-12-31,22.0,2.9074999999999998,2.8866666666666667,0.29333333333333333,610.6666666666666,1.3775,0.006750000000000001,1.0375
#23 N NEW RIVER E OF US 27,2006-12-31,23.0,4.8793750000000005,3.6825,0.42,861.25,1.74,0.012750000000000001,1.4
#23 N NEW RIVER E OF US 27,2007-12-31,23.0,1.805,2.8674999999999997,0.46,932.0,2.0033333333333334,0.017,1.2375
#23 N NEW RIVER E OF US 27,2008-12-31,23.0,7.1433333333333335,3.53,0.43333333333333335,886.0,1.93,0.024333333333333332,1.3833333333333335
#23 N NEW RIVER E OF US 27,2009-12-31,23.0,2.5625,3.7125,0.3675,756.0,1.615,0.021033333333333334,0.7375
#23 N NEW RIVER E OF US 27,2010-12-31,23.0,3.2424999999999997,1.7987499999999998,0.39,795.875,1.63875,0.014775,0.95
#23 N NEW RIVER E OF US 27,2011-12-31,23.0,4.2,3.9012500000000006,0.3825,785.75,1.55375,0.0165,1.5
#23 N NEW RIVER E OF US 27,2012-12-31,23.0,3.2375000000000003,2.8525,0.3775,773.625,1.6475,0.025125,1.1625
#23 N NEW RIVER E OF US 27,2013-12-31,23.0,2.7775,3.065,0.34750000000000003,706.5,1.504,0.0195,0.8125
#23 N NEW RIVER E OF US 27,2015-12-31,23.0,5.67,2.6125,0.3925,810.5,1.7309999999999999,0.099,1.0125
#23 N NEW RIVER E OF US 27,2016-12-31,23.0,1.21975,5.515000000000001,0.32,661.0,1.5416666666666667,0.019,0.5125
#23 N NEW RIVER E OF US 27,2017-12-31,23.0,6.82,4.0,0.38999999999999996,796.3333333333334,0.0,0.0195,1.8666666666666665
#23 N NEW RIVER E OF US 27,2018-12-31,23.0,1.7583333333333335,3.3783333333333334,0.29333333333333333,607.3333333333334,1.68675,-0.0024999999999999996,2.8166666666666664
#23 N NEW RIVER E OF US 27,2019-12-31,23.0,2.515,4.02,0.3875,801.75,1.2012,0.018000000000000002,1.35
#23 N NEW RIVER E OF US 27,2020-12-31,23.0,3.3615,3.67,0.34750000000000003,718.5,1.406925,0.00625,1.0625
#23 N NEW RIVER E OF US 27,2021-12-31,23.0,2.6312499999999996,21.286666666666665,0.3833333333333333,787.3333333333334,1.5949999999999998,0.01625,1.0875
#24 DANIA CUT-OFF US-1,2006-12-31,24.0,2.5975,5.2625,23.225,36625.0,0.83325,0.03225,1.55
#24 DANIA CUT-OFF US-1,2007-12-31,24.0,1.504375,5.2375,25.95,40525.0,0.702,0.043000000000000003,2.05
#24 DANIA CUT-OFF US-1,2008-12-31,24.0,2.0991666666666666,4.976666666666667,24.366666666666664,38200.0,0.9123333333333333,0.035333333333333335,1.8333333333333333
#24 DANIA CUT-OFF US-1,2009-12-31,24.0,2.195,5.0725,21.7,34400.0,0.6935,0.05033333333333334,1.7666666666666666
#24 DANIA CUT-OFF US-1,2010-12-31,24.0,1.785,4.6175,16.0775,26350.0,0.85,0.04025,1.675
#24 DANIA CUT-OFF US-1,2011-12-31,24.0,1.3625,5.5275,31.05,47675.0,0.4255,0.035250000000000004,1.575
#24 DANIA CUT-OFF US-1,2012-12-31,24.0,1.14,5.7675,31.075000000000003,47700.0,0.2975,0.03675,1.675
#24 DANIA CUT-OFF US-1,2013-12-31,24.0,2.17,5.2475000000000005,26.175,39675.0,0.4605,0.04975,6.0
#24 DANIA CUT-OFF US-1,2015-12-31,24.0,2.105,4.7780000000000005,25.74,39980.0,0.6183333333333333,0.08933333333333333,1.325
#24 DANIA CUT-OFF US-1,2016-12-31,24.0,2.2,4.6575,21.3525,32800.0,0.7136666666666667,0.093,1.375
#24 DANIA CUT-OFF US-1,2018-12-31,24.0,1.73,4.6475,25.85,40875.0,0.577,0.18233333333333335,2.15
#24 DANIA CUT-OFF US-1,2020-12-31,24.0,2.4175,4.234999999999999,11.6475,21907.5,0.9396249999999999,0.069,1.025
#24 DANIA CUT-OFF US-1,2021-12-31,24.0,2.6350000000000002,4.633333333333334,19.366666666666667,31133.333333333332,0.67075,0.09225,1.5
#25 HOLLYWOOD CANAL STIRLING,2006-12-31,25.0,6.9375,5.025,11.232500000000002,19050.0,1.2914999999999999,0.045,1.425
#25 HOLLYWOOD CANAL STIRLING,2007-12-31,25.0,4.6825,4.9975,16.28,26300.0,0.9273333333333333,0.043333333333333335,1.575
#25 HOLLYWOOD CANAL STIRLING,2008-12-31,25.0,10.23,4.676666666666667,12.926666666666668,21566.666666666668,1.4013333333333335,0.04033333333333333,2.1333333333333333
#25 HOLLYWOOD CANAL STIRLING,2009-12-31,25.0,7.327500000000001,4.6925,12.719999999999999,21070.0,0.746,0.06266666666666666,1.4
#25 HOLLYWOOD CANAL STIRLING,2010-12-31,25.0,6.8375,4.22,4.890000000000001,9082.5,0.99825,0.056999999999999995,1.5499999999999998
#25 HOLLYWOOD CANAL STIRLING,2011-12-31,25.0,5.015,4.99,17.0175,27750.0,0.72275,0.051,1.075
#25 HOLLYWOOD CANAL STIRLING,2012-12-31,25.0,4.1825,4.955,15.265,24975.0,0.6655,0.04975,1.3250000000000002
#25 HOLLYWOOD CANAL STIRLING,2013-12-31,25.0,6.319999999999999,5.29,14.545,23300.0,0.753,0.05425,2.325
#25 HOLLYWOOD CANAL STIRLING,2015-12-31,25.0,7.4975000000000005,4.5225,18.9,29850.0,0.6545000000000001,0.115,1.4
#25 HOLLYWOOD CANAL STIRLING,2016-12-31,25.0,3.2875,4.48,16.075,25700.0,0.7706666666666667,0.0735,1.525
#25 HOLLYWOOD CANAL STIRLING,2018-12-31,25.0,10.79225,3.8175,15.2725,24872.5,0.832,0.20633333333333334,1.1
#25 HOLLYWOOD CANAL STIRLING,2019-12-31,25.0,6.85875,4.515,12.752500000000001,20617.5,0.9151499999999999,0.112,1.55
#25 HOLLYWOOD CANAL STIRLING,2020-12-31,25.0,4.1655,3.7725,8.075,13480.0,1.037925,0.10275,0.7375
#25 HOLLYWOOD CANAL STIRLING,2021-12-31,25.0,9.6325,4.476666666666667,10.883333333333335,18086.666666666668,0.8025,0.09725,1.3125
#26 DANIA CUT-OFF RAVENSWOOD,2006-12-31,26.0,7.05,4.8225,13.747499999999999,22572.5,1.54,0.03675,1.475
#26 DANIA CUT-OFF RAVENSWOOD,2007-12-31,26.0,2.5,5.0075,22.725,35925.0,1.0603333333333333,0.04133333333333333,1.8
#26 DANIA CUT-OFF RAVENSWOOD,2008-12-31,26.0,4.95,4.91,15.656666666666666,25293.333333333332,1.4013333333333333,0.04766666666666667,2.1
#26 DANIA CUT-OFF RAVENSWOOD,2009-12-31,26.0,3.7525,4.46,14.15,22925.0,0.983,0.04566666666666667,1.8
#26 DANIA CUT-OFF RAVENSWOOD,2010-12-31,26.0,6.805,4.48,5.6525,10222.5,1.2125,0.042749999999999996,2.05
#26 DANIA CUT-OFF RAVENSWOOD,2011-12-31,26.0,2.5275,4.9275,25.375,39625.0,0.5782499999999999,0.0455,1.375
#26 DANIA CUT-OFF RAVENSWOOD,2012-12-31,26.0,2.7225,5.43,24.15,37950.0,0.519,0.044,1.475
#26 DANIA CUT-OFF RAVENSWOOD,2013-12-31,26.0,4.4575000000000005,4.715,17.4,27700.0,0.797,0.04525,4.25
#26 DANIA CUT-OFF RAVENSWOOD,2015-12-31,26.0,5.807500000000001,4.595000000000001,23.9,38075.0,0.6829999999999999,0.1195,1.625
#26 DANIA CUT-OFF RAVENSWOOD,2016-12-31,26.0,4.0675,4.0625,10.6325,17892.0,0.9823333333333334,0.0455,1.8
#26 DANIA CUT-OFF RAVENSWOOD,2018-12-31,26.0,4.21,4.4399999999999995,19.185000000000002,30725.0,1.002,0.12366666666666666,2.1
#26 DANIA CUT-OFF RAVENSWOOD,2019-12-31,26.0,5.235,3.86,10.0975,13485.0,1.29805,0.05625,1.95
#26 DANIA CUT-OFF RAVENSWOOD,2020-12-31,26.0,3.0475,3.4125,6.09,10302.5,1.27695,0.056,1.2000000000000002
#26 DANIA CUT-OFF RAVENSWOOD,2021-12-31,26.0,5.07425,3.563333333333333,9.963333333333333,14900.0,1.056,0.05575,1.575
#28 S NEW RIVER CANAL FLAMINGO,2006-12-31,28.0,6.31,3.4375,0.35,720.75,1.4375,0.01,2.025
#28 S NEW RIVER CANAL FLAMINGO,2007-12-31,28.0,5.5075,4.675,0.355,727.0,1.5433333333333332,0.01933333333333333,2.25
#28 S NEW RIVER CANAL FLAMINGO,2008-12-31,28.0,7.599999999999999,5.859999999999999,0.32,661.6666666666666,1.3833333333333335,0.02033333333333333,2.1666666666666665
#28 S NEW RIVER CANAL FLAMINGO,2009-12-31,28.0,4.75,2.9325,0.325,666.25,1.4875,0.02653333333333333,2.5333333333333337
#28 S NEW RIVER CANAL FLAMINGO,2010-12-31,28.0,5.7875,3.35,0.295,610.0,1.4475,0.042749999999999996,2.3
#28 S NEW RIVER CANAL FLAMINGO,2011-12-31,28.0,4.535,5.2700000000000005,0.3325,682.25,1.4275,0.01425,1.475
#28 S NEW RIVER CANAL FLAMINGO,2012-12-31,28.0,3.1550000000000002,4.7575,0.32999999999999996,681.75,1.42,0.02275,2.2
#28 S NEW RIVER CANAL FLAMINGO,2013-12-31,28.0,4.91,3.525,0.345,711.0,1.457,0.024,2.5
#28 S NEW RIVER CANAL FLAMINGO,2015-12-31,28.0,6.2175,3.2840000000000003,0.352,727.6,1.507,0.022000000000000002,2.0
#28 S NEW RIVER CANAL FLAMINGO,2016-12-31,28.0,6.3975,2.08,0.365,752.5,1.5446666666666669,0.01875,2.625
#28 S NEW RIVER CANAL FLAMINGO,2018-12-31,28.0,8.4225,3.1125,0.3375,702.75,2.0225,0.028,4.425
#28 S NEW RIVER CANAL FLAMINGO,2019-12-31,28.0,4.225,4.455,0.31,649.5,1.46705,0.009500000000000001,1.125
#28 S NEW RIVER CANAL FLAMINGO,2020-12-31,28.0,4.47,3.5975,0.3025,621.5,1.38845,0.0095,2.075
#28 S NEW RIVER CANAL FLAMINGO,2021-12-31,28.0,8.9375,3.3333333333333335,0.32666666666666666,673.3333333333334,1.3475000000000001,0.014249999999999999,2.475
#29 S NEW RIVER CANAL US 27,2006-12-31,29.0,5.2478125,2.28375,0.37125,760.375,1.63375,0.0136875,2.6
#29 S NEW RIVER CANAL US 27,2007-12-31,29.0,5.612500000000001,1.9649999999999999,0.395,806.0,1.8966666666666665,0.0105,2.225
#29 S NEW RIVER CANAL US 27,2008-12-31,29.0,4.06,4.58,0.36000000000000004,743.6666666666666,1.71,0.016,2.6666666666666665
#29 S NEW RIVER CANAL US 27,2009-12-31,29.0,3.82375,2.5425,0.35750000000000004,738.25,1.52,0.0076,3.1333333333333333
#29 S NEW RIVER CANAL US 27,2010-12-31,29.0,3.5475000000000003,3.95,0.3225,667.0,1.495,0.02615,2.975
#29 S NEW RIVER CANAL US 27,2011-12-31,29.0,4.675,2.8075,0.36,745.5,1.7175,0.01625,2.2
#29 S NEW RIVER CANAL US 27,2012-12-31,29.0,3.2325000000000004,3.1925,0.37,759.25,1.5474999999999999,0.018,2.8125
#29 S NEW RIVER CANAL US 27,2013-12-31,29.0,3.095,3.1574999999999998,0.375,772.5,1.5050000000000001,0.017,1.875
#29 S NEW RIVER CANAL US 27,2015-12-31,29.0,3.92,2.5525,0.385,793.25,1.6589999999999998,0.07150000000000001,2.15
#29 S NEW RIVER CANAL US 27,2016-12-31,29.0,3.3775,4.43,0.37,765.25,1.5093333333333332,0.0055,1.75
#29 S NEW RIVER CANAL US 27,2018-12-31,29.0,5.2625,1.8425,0.32999999999999996,681.25,1.818,0.004666666666666667,2.25
#29 S NEW RIVER CANAL US 27,2019-12-31,29.0,3.62425,2.1825,0.3425,704.0,1.04595,0.014249999999999999,2.1625
#29 S NEW RIVER CANAL US 27,2020-12-31,29.0,3.8545,2.4899999999999998,0.3125,663.25,1.4208,0.00975,2.725
#29 S NEW RIVER CANAL US 27,2021-12-31,29.0,4.1475,1.4000000000000001,0.35000000000000003,719.6666666666666,1.4975,0.0145,1.975
#3 HILLSBORO CANAL US 441,2006-12-31,3.0,11.85,5.09,0.37,757.25,1.58,0.0955,2.525
#3 HILLSBORO CANAL US 441,2007-12-31,3.0,15.89,4.75,0.3075,632.5,1.2666666666666666,0.09799999999999999,1.575
#3 HILLSBORO CANAL US 441,2008-12-31,3.0,17.333333333333332,4.0200000000000005,0.27999999999999997,579.3333333333334,1.4866666666666666,0.168,2.4
#3 HILLSBORO CANAL US 441,2009-12-31,3.0,13.442499999999999,3.8575,0.3,619.5,1.485,0.12733333333333333,1.675
#3 HILLSBORO CANAL US 441,2010-12-31,3.0,11.0325,2.925,0.3075,632.75,1.4025,0.07925,1.2666666666666668
#3 HILLSBORO CANAL US 441,2011-12-31,3.0,14.3825,5.28,0.3325,684.75,1.485,0.08225,1.5
#3 HILLSBORO CANAL US 441,2012-12-31,3.0,10.7275,4.41,0.33299999999999996,687.75,1.37,0.101,1.4375
#3 HILLSBORO CANAL US 441,2013-12-31,3.0,7.7325,4.175,0.29425,607.25,1.47275,0.059,1.5375
#3 HILLSBORO CANAL US 441,2015-12-31,3.0,6.95,4.529999999999999,0.302,631.0,1.3583333333333334,0.163,2.025
#3 HILLSBORO CANAL US 441,2016-12-31,3.0,1.9092500000000001,5.3125,0.31,641.5,1.3903333333333332,0.026750000000000003,0.85
#3 HILLSBORO CANAL US 441,2018-12-31,3.0,5.23,3.4225000000000003,0.27749999999999997,576.25,1.5423333333333333,0.05966666666666667,1.0125
#3 HILLSBORO CANAL US 441,2019-12-31,3.0,14.46,3.7375,0.3075,635.5,0.98845,0.11575,2.45
#3 HILLSBORO CANAL US 441,2020-12-31,3.0,11.334999999999999,4.2025,0.27,592.75,1.232875,0.14175,1.225
#3 HILLSBORO CANAL US 441,2021-12-31,3.0,9.815,3.126666666666667,0.34,707.3333333333334,1.215,0.11725,0.85
#31 SNAKE CRK CANAL FLAMINGO,2006-12-31,31.0,3.17375,3.5862499999999997,0.31,644.625,1.09925,0.0079375,1.0
#31 SNAKE CRK CANAL FLAMINGO,2007-12-31,31.0,1.356875,4.185,0.3025,630.25,1.081,0.007333333333333333,0.7625
#31 SNAKE CRK CANAL FLAMINGO,2008-12-31,31.0,1.99,3.5849999999999995,0.3,619.8333333333334,1.2416666666666665,0.008833333333333334,0.8333333333333334
#31 SNAKE CRK CANAL FLAMINGO,2009-12-31,31.0,2.17,3.85,0.28500000000000003,586.75,1.0835,0.005066666666666666,0.9333333333333335
#31 SNAKE CRK CANAL FLAMINGO,2010-12-31,31.0,2.8375,3.2175000000000002,0.28250000000000003,584.25,1.2275,0.00995,1.05
#31 SNAKE CRK CANAL FLAMINGO,2011-12-31,31.0,2.4325,3.3375,0.305,633.0,1.204,-0.027499999999999997,1.6500000000000001
#31 SNAKE CRK CANAL FLAMINGO,2012-12-31,31.0,1.7875,3.355,0.3,621.5,1.02925,0.01,0.8500000000000001
#31 SNAKE CRK CANAL FLAMINGO,2013-12-31,31.0,1.9175,2.635,0.32,662.75,1.187,0.014,0.8375
#31 SNAKE CRK CANAL FLAMINGO,2015-12-31,31.0,2.5525,3.414,0.298,617.4,1.0896666666666666,0.06899999999999999,0.7375
#31 SNAKE CRK CANAL FLAMINGO,2016-12-31,31.0,1.661,3.1725,0.3,613.5,1.0,0.00375,0.65
#31 SNAKE CRK CANAL FLAMINGO,2018-12-31,31.0,1.91,1.9925000000000002,0.28,579.5,1.146,0.0026666666666666666,0.7625000000000001
#31 SNAKE CRK CANAL FLAMINGO,2019-12-31,31.0,1.5005,3.02,0.2825,583.75,0.904425,0.008749999999999999,1.25
#31 SNAKE CRK CANAL FLAMINGO,2020-12-31,31.0,1.4645000000000001,2.9575,0.23,475.25,0.8924000000000001,0.0025,1.0
#31 SNAKE CRK CANAL FLAMINGO,2021-12-31,31.0,2.2275,2.98,0.27,558.3333333333334,0.8025,0.00475,0.575
#32 C-9 CANAL US 27,2019-12-31,32.0,2.8475,1.9675,0.2875,601.0,0.7261500000000001,0.00425,1.475
#32 C-9 CANAL US 27,2020-12-31,32.0,2.8525,2.8099999999999996,0.28500000000000003,588.25,1.0195750000000001,0.0,1.3
#32 C-9 CANAL US 27,2021-12-31,32.0,3.2525,3.0,0.2733333333333334,563.6666666666666,0.90325,0.0105,0.85
#33 ICW SOUTH OF HILLSBORO BRG,2006-12-31,33.0,3.5825,6.3175,27.8,43150.0,0.8540000000000001,0.06475,2.075
#33 ICW SOUTH OF HILLSBORO BRG,2007-12-31,33.0,7.2575,6.307499999999999,28.25,43800.0,0.7143333333333333,0.067,1.725
#33 ICW SOUTH OF HILLSBORO BRG,2008-12-31,33.0,4.87,5.57,24.366666666666664,38366.666666666664,0.8489999999999999,0.07466666666666667,2.1666666666666665
#33 ICW SOUTH OF HILLSBORO BRG,2009-12-31,33.0,5.880000000000001,5.455,21.8,34500.0,0.6305000000000001,0.09000000000000001,1.725
#33 ICW SOUTH OF HILLSBORO BRG,2010-12-31,33.0,3.6774999999999998,6.23,24.105,37650.0,0.5822499999999999,0.0615,1.85
#33 ICW SOUTH OF HILLSBORO BRG,2011-12-31,33.0,2.45,5.9425,29.075,44850.0,0.44175,0.0635,2.2
#33 ICW SOUTH OF HILLSBORO BRG,2012-12-31,33.0,3.7725,6.0675,24.0,37675.0,0.67675,0.07675,1.35
#33 ICW SOUTH OF HILLSBORO BRG,2013-12-31,33.0,3.8575,5.3025,19.125,29745.0,0.652,0.06225,1.3
#33 ICW SOUTH OF HILLSBORO BRG,2015-12-31,33.0,3.1825,5.7275,25.05,38975.0,0.369,0.1275,1.775
#33 ICW SOUTH OF HILLSBORO BRG,2016-12-31,33.0,4.6075,6.0025,16.4025,26750.0,0.8176666666666668,0.1175,1.625
#33 ICW SOUTH OF HILLSBORO BRG,2018-12-31,33.0,4.21,5.0825000000000005,21.677500000000002,33817.5,1.426,0.121,1.85
#33 ICW SOUTH OF HILLSBORO BRG,2019-12-31,33.0,4.445,5.9174999999999995,20.775,31025.0,0.55735,0.17149999999999999,1.8
#33 ICW SOUTH OF HILLSBORO BRG,2020-12-31,33.0,3.0124999999999997,5.555,17.0825,27975.0,0.62185,0.11,1.35
#33 ICW SOUTH OF HILLSBORO BRG,2021-12-31,33.0,3.4925,5.93,25.25,39650.0,0.5045000000000001,0.14400000000000002,1.45
#34 ICW NORTH OF MARKER 71,2006-12-31,34.0,0.888125,7.27,35.75,54075.0,0.45525,0.023,0.4
#34 ICW NORTH OF MARKER 71,2007-12-31,34.0,1.169375,6.8825,35.574999999999996,53800.0,0.5223333333333333,0.03666666666666666,0.6375
#34 ICW NORTH OF MARKER 71,2008-12-31,34.0,1.9958333333333333,6.803333333333334,33.166666666666664,50533.333333333336,0.5916666666666667,0.033,0.8333333333333334
#34 ICW NORTH OF MARKER 71,2009-12-31,34.0,2.695,6.2225,31.775,48600.0,0.41000000000000003,0.020533333333333334,0.6
#34 ICW NORTH OF MARKER 71,2010-12-31,34.0,1.33,7.325,33.45,50950.0,0.3245,0.02425,0.6125
#34 ICW NORTH OF MARKER 71,2011-12-31,34.0,1.185,6.535,33.824999999999996,51425.0,0.29975,0.0325,0.85
#34 ICW NORTH OF MARKER 71,2012-12-31,34.0,1.0074999999999998,6.6275,34.25,52000.0,0.24525000000000002,0.03775,0.425
#34 ICW NORTH OF MARKER 71,2013-12-31,34.0,2.775,6.3425,28.85,43275.0,0.26775,0.03275,0.65
#34 ICW NORTH OF MARKER 71,2015-12-31,34.0,1.155,6.35,34.519999999999996,52480.0,0.18600000000000003,0.15566666666666665,0.6
#34 ICW NORTH OF MARKER 71,2016-12-31,34.0,0.48175,6.1025,35.2,53375.0,0.23933333333333331,0.14450000000000002,0.3375
#34 ICW NORTH OF MARKER 71,2018-12-31,34.0,2.0675,6.03,29.950000000000003,45925.0,0.75,0.18299999999999997,0.9375
#34 ICW NORTH OF MARKER 71,2019-12-31,34.0,2.15875,6.615,32.875,50225.0,0.222625,0.19925,1.05
#34 ICW NORTH OF MARKER 71,2020-12-31,34.0,2.6525,6.5725,30.5,46925.0,0.280225,0.12375,1.475
#34 ICW NORTH OF MARKER 71,2021-12-31,34.0,2.16,6.88,32.75,50450.0,0.34199999999999997,0.16649999999999998,0.925
#35 ICW NE 14TH ST POMPANO,2019-12-31,35.0,2.6025,5.865,27.85,42950.0,0.3961,0.18375,0.925
#35 ICW NE 14TH ST POMPANO,2020-12-31,35.0,3.2504999999999997,6.2524999999999995,23.6,37325.0,0.4366,0.0975,1.1
#35 ICW NE 14TH ST POMPANO,2021-12-31,34.75,2.1399999999999997,6.555,29.75,45650.0,0.3045,0.152,0.575
#36 ICW COMMERCIAL BLVD,2006-12-31,36.0,4.74,6.8925,25.55,40062.5,0.8207500000000001,0.043875,0.5750000000000001
#36 ICW COMMERCIAL BLVD,2007-12-31,36.0,4.3875,6.3625,26.6,41500.0,0.7253333333333334,0.052,0.8500000000000001
#36 ICW COMMERCIAL BLVD,2008-12-31,36.0,4.346666666666667,6.28,27.233333333333334,42400.0,0.851,0.042666666666666665,1.0999999999999999
#36 ICW COMMERCIAL BLVD,2009-12-31,36.0,4.0,5.7075,23.174999999999997,36525.0,0.6637500000000001,0.0302,0.9874999999999999
#36 ICW COMMERCIAL BLVD,2010-12-31,36.0,4.695,7.2675,19.884999999999998,29566.666666666668,0.67525,0.042249999999999996,0.8125
#36 ICW COMMERCIAL BLVD,2011-12-31,36.0,2.7800000000000002,5.9425,27.75,43000.0,0.509,0.049,1.05
#36 ICW COMMERCIAL BLVD,2012-12-31,36.0,3.92,6.5625,24.625,38625.0,0.442,0.042749999999999996,0.5625
#36 ICW COMMERCIAL BLVD,2013-12-31,36.0,5.3,6.0675,14.3825,22647.5,0.9077500000000001,0.03975,1.15
#36 ICW COMMERCIAL BLVD,2015-12-31,36.0,3.4724999999999997,5.572,23.84,38300.0,0.5783333333333333,0.10966666666666665,1.2
#36 ICW COMMERCIAL BLVD,2016-12-31,36.0,8.575,6.24,13.7725,22535.0,1.0396666666666665,0.0695,0.9625
#36 ICW COMMERCIAL BLVD,2018-12-31,36.0,4.4174999999999995,5.755,20.425,32400.0,0.849,0.10266666666666667,1.25
#36 ICW COMMERCIAL BLVD,2019-12-31,36.0,4.3975,5.725,22.925,36175.0,0.5263,0.15275,1.3375
#36 ICW COMMERCIAL BLVD,2020-12-31,36.0,5.63,6.2075,15.51,25000.0,0.6207750000000001,0.069,1.0125
#36 ICW COMMERCIAL BLVD,2021-12-31,36.0,3.2,6.095,22.700000000000003,35950.0,0.47700000000000004,0.12575,1.175
#37 ICW SUNRISE BLVD,2006-12-31,37.0,4.7325,6.9375,25.975,40650.0,0.82025,0.038,1.0875
#37 ICW SUNRISE BLVD,2007-12-31,37.0,2.77,6.3774999999999995,28.025000000000002,43450.0,0.6886666666666666,0.04699999999999999,1.275
#37 ICW SUNRISE BLVD,2008-12-31,37.0,2.526666666666667,6.3066666666666675,26.76666666666667,41733.333333333336,0.7679999999999999,0.03833333333333333,1.3666666666666665
#37 ICW SUNRISE BLVD,2009-12-31,37.0,5.1275,6.1274999999999995,24.625,38675.0,0.60575,0.025866666666666666,1.2875
#37 ICW SUNRISE BLVD,2010-12-31,37.0,2.9050000000000002,7.1,23.075,36400.0,0.6045,0.035750000000000004,1.325
#37 ICW SUNRISE BLVD,2011-12-31,37.0,2.6325000000000003,6.195,28.425,43950.0,0.519,0.04025,1.2999999999999998
#37 ICW SUNRISE BLVD,2012-12-31,37.0,4.1,6.525,26.3,41050.0,0.41025,0.041,0.9625
#37 ICW SUNRISE BLVD,2013-12-31,37.0,5.77,5.995,20.497500000000002,32125.0,0.61525,0.04525,1.25
#37 ICW SUNRISE BLVD,2015-12-31,37.0,2.0975,5.824,26.880000000000003,42660.0,0.5203333333333333,0.14933333333333335,1.475
#37 ICW SUNRISE BLVD,2016-12-31,37.0,7.0,5.952500000000001,22.0,34925.0,0.6983333333333333,0.10350000000000001,1.3625
#37 ICW SUNRISE BLVD,2018-12-31,37.0,4.6175,5.45,23.275,36700.0,0.5345,0.11199999999999999,1.35
#37 ICW SUNRISE BLVD,2019-12-31,37.0,3.5825,6.0275,28.933333333333334,40200.0,0.449875,0.1805,2.15
#37 ICW SUNRISE BLVD,2020-12-31,37.0,3.20525,5.57,19.55,31450.0,0.617075,0.09075,1.725
#37 ICW SUNRISE BLVD,2021-12-31,37.0,1.915,5.965,24.55,38500.0,0.402,0.1255,1.0375
#38 ICW 17TH ST CAUSEWAY,2006-12-31,38.0,2.390625,6.6975,31.825,48750.0,0.643125,0.031375,0.875
#38 ICW 17TH ST CAUSEWAY,2007-12-31,38.0,1.759375,6.4125,31.650000000000002,48400.0,0.625,0.04,1.525
#38 ICW 17TH ST CAUSEWAY,2008-12-31,38.0,1.49,6.2,31.96666666666667,48933.333333333336,0.58,0.03,1.1833333333333333
#38 ICW 17TH ST CAUSEWAY,2009-12-31,38.0,1.8125,5.785,28.85,44575.0,0.49075,0.019666666666666666,1.0999999999999999
#38 ICW 17TH ST CAUSEWAY,2010-12-31,38.0,1.9625,5.9675,28.35,43900.0,0.48975,0.027,1.25
#38 ICW 17TH ST CAUSEWAY,2011-12-31,38.0,1.3925,6.1525,30.25,46400.0,0.30825,0.035250000000000004,0.875
#38 ICW 17TH ST CAUSEWAY,2012-12-31,38.0,2.2475,6.3625,33.075,50400.0,0.253,0.034,0.925
#38 ICW 17TH ST CAUSEWAY,2013-12-31,38.0,3.5250000000000004,6.5775,30.1525,45981.0,0.325,0.04075,0.95
#38 ICW 17TH ST CAUSEWAY,2015-12-31,38.0,1.505,5.888,32.160000000000004,49200.0,0.324,0.15766666666666665,0.95
#38 ICW 17TH ST CAUSEWAY,2016-12-31,38.0,2.365,6.415,31.025,47675.0,0.479,0.11833333333333333,0.85
#38 ICW 17TH ST CAUSEWAY,2018-12-31,38.0,1.9675,6.01,30.075,46550.0,0.324,0.22333333333333336,1.85
#38 ICW 17TH ST CAUSEWAY,2019-12-31,38.0,1.6375,6.140000000000001,32.275,49350.0,0.306525,0.22875,0.9875
#38 ICW 17TH ST CAUSEWAY,2020-12-31,38.0,2.0675,5.8625,25.575,40050.0,0.47152499999999997,0.10175000000000001,1.45
#38 ICW 17TH ST CAUSEWAY,2021-12-31,38.0,1.9649999999999999,6.234999999999999,28.6,44350.0,0.3055,0.12125,1.0
#39 ICW MARKER 35,2006-12-31,39.0,2.6633333333333336,6.666666666666667,32.300000000000004,49400.0,0.5595,0.027000000000000003,1.2
#39 ICW MARKER 35,2007-12-31,39.0,0.6749999999999999,6.133333333333333,32.06666666666667,49100.0,0.5115,0.0295,1.5999999999999999
#39 ICW MARKER 35,2008-12-31,39.0,0.90375,5.4,33.05,50350.0,0.4025,0.0345,1.2999999999999998
#39 ICW MARKER 35,2009-12-31,39.0,1.065,5.34,32.15,49150.0,0.42174999999999996,0.013866666666666668,1.3333333333333333
#39 ICW MARKER 35,2010-12-31,39.0,1.23125,5.465,28.6,44275.0,0.47675,0.02575,1.925
#39 ICW MARKER 35,2011-12-31,39.0,1.04875,5.8975,33.775,51375.0,0.2845,0.028999999999999998,1.7750000000000001
#39 ICW MARKER 35,2012-12-31,39.0,1.26,6.165,33.925,51550.0,0.20425000000000001,0.0315,1.4000000000000001
#39 ICW MARKER 35,2013-12-31,39.0,1.2266666666666668,6.1000000000000005,33.800000000000004,50899.666666666664,0.26733333333333337,0.04866666666666667,1.6333333333333335
#39 ICW MARKER 35,2015-12-31,39.0,1.1575,5.25,33.1,51775.0,0.27299999999999996,0.09699999999999999,1.5125
#39 ICW MARKER 35,2016-12-31,39.0,1.36075,5.7325,31.725,48800.0,0.48450000000000004,0.14666666666666667,0.9
#39 ICW MARKER 35,2018-12-31,39.0,1.17775,5.55,32.75,50075.0,0.272,0.21633333333333335,2.325
#39 ICW MARKER 35,2019-12-31,39.0,1.111,5.327500000000001,30.65,47325.0,0.384975,0.23275,1.65
#39 ICW MARKER 35,2020-12-31,39.0,1.4275,5.575,26.475,42400.0,0.431575,0.11499999999999999,1.95
#39 ICW MARKER 35,2021-12-31,39.0,1.435,5.28,27.5,42750.0,0.35125,0.12175,1.7
#4 HILLSBORO CANAL SE GROWERS,2006-12-31,4.0,14.645,6.71125,0.41625,858.625,2.09625,0.02425,2.275
#4 HILLSBORO CANAL SE GROWERS,2007-12-31,4.0,12.86125,5.06125,0.34875,719.5,1.7666666666666666,0.028333333333333335,1.9249999999999998
#4 HILLSBORO CANAL SE GROWERS,2008-12-31,4.0,11.608333333333334,3.203333333333333,0.3233333333333333,669.0,1.745,0.022833333333333334,1.8
#4 HILLSBORO CANAL SE GROWERS,2009-12-31,4.0,7.2325,3.8699999999999997,0.30625,630.0,1.577625,0.0276,1.3375
#4 HILLSBORO CANAL SE GROWERS,2010-12-31,4.0,7.76,3.79875,0.3275,677.5,1.49125,0.02245,1.325
#4 HILLSBORO CANAL SE GROWERS,2011-12-31,4.0,5.376250000000001,5.0225,0.35375,727.125,1.6425,0.018125000000000002,0.875
#4 HILLSBORO CANAL SE GROWERS,2012-12-31,4.0,8.66875,5.27625,0.33499999999999996,691.5,1.51875,0.021249999999999998,1.15
#4 HILLSBORO CANAL SE GROWERS,2013-12-31,4.0,8.5625,5.3025,0.28025,582.75,1.42825,0.02675,1.3625
#4 HILLSBORO CANAL SE GROWERS,2015-12-31,4.0,5.32,5.19,0.3025,626.75,1.651,0.041999999999999996,1.425
#4 HILLSBORO CANAL SE GROWERS,2016-12-31,4.0,2.3049999999999997,6.335,0.31,641.0,1.421,0.010499999999999999,0.625
#4 HILLSBORO CANAL SE GROWERS,2018-12-31,4.0,7.390000000000001,3.8200000000000003,0.285,585.0,1.478,0.03,4.15
#4 HILLSBORO CANAL SE GROWERS,2019-12-31,4.0,20.425,5.825,0.405,833.5,1.20975,0.03,4.025
#4 HILLSBORO CANAL SE GROWERS,2020-12-31,4.0,7.34,4.6850000000000005,0.36,741.75,1.48625,0.01525,1.625
#4 HILLSBORO CANAL SE GROWERS,2021-12-31,4.0,3.2325,3.1999999999999997,0.4633333333333334,943.0,1.555,0.018,0.8
#40 ICW SHERIDAN ST,2019-12-31,40.0,1.0675,5.25,31.5,48400.0,0.294225,0.22799999999999998,1.85
#40 ICW SHERIDAN ST,2020-12-31,40.0,1.475,5.5725,29.125,45825.0,0.342175,0.12225,1.9
#40 ICW SHERIDAN ST,2021-12-31,40.0,1.1875,5.525,30.85,47300.0,0.28275,0.12875,1.3625
#41 ICW HALLANDALE BCH BLVD,2006-12-31,41.0,1.88375,4.955,28.433333333333334,43983.333333333336,0.8356250000000001,0.03225,1.0499999999999998
#41 ICW HALLANDALE BCH BLVD,2007-12-31,41.0,3.8575,6.5525,30.825,47350.0,0.6743333333333333,0.03366666666666667,1.475
#41 ICW HALLANDALE BCH BLVD,2008-12-31,41.0,2.5058333333333334,5.8566666666666665,29.266666666666666,45233.333333333336,0.5423333333333333,0.03133333333333333,1.2
#41 ICW HALLANDALE BCH BLVD,2009-12-31,41.0,2.7775,5.975,26.45,41250.0,0.584,0.037,1.4000000000000001
#41 ICW HALLANDALE BCH BLVD,2010-12-31,41.0,2.8625,6.047499999999999,23.825,37650.0,0.60475,0.0375,0.875
#41 ICW HALLANDALE BCH BLVD,2011-12-31,41.0,2.5775,5.91,30.725,47150.0,0.3535,0.0335,0.7012499999999999
#41 ICW HALLANDALE BCH BLVD,2012-12-31,41.0,3.6325000000000003,6.43,32.975,50325.0,0.35350000000000004,0.037250000000000005,0.9
#41 ICW HALLANDALE BCH BLVD,2013-12-31,41.0,2.8024999999999998,6.2425,27.73,43019.25,0.41475,0.04825,1.25
#41 ICW HALLANDALE BCH BLVD,2015-12-31,41.0,2.9675,6.026,27.4,43860.0,0.48,0.082,0.9875
#41 ICW HALLANDALE BCH BLVD,2016-12-31,41.0,4.51,6.145,28.775,44725.0,0.48250000000000004,0.14433333333333334,0.825
#41 ICW HALLANDALE BCH BLVD,2018-12-31,41.0,2.045,5.8075,31.166666666666668,44875.0,0.3666666666666667,0.18033333333333335,1.2249999999999999
#41 ICW HALLANDALE BCH BLVD,2019-12-31,41.0,3.925,6.0175,28.075,43475.0,0.38127500000000003,0.20525,0.8625
#41 ICW HALLANDALE BCH BLVD,2020-12-31,41.0,5.46,6.6175,24.825,39050.0,0.474725,0.08549999999999999,1.2
#41 ICW HALLANDALE BCH BLVD,2021-12-31,41.0,2.32,5.9399999999999995,27.75,42950.0,0.33325,0.1115,0.8375
#5 POMPANO CANAL US1,2006-12-31,5.0,12.9025,7.1850000000000005,19.725,31725.0,0.8947499999999999,0.045,1.1875
#5 POMPANO CANAL US1,2007-12-31,5.0,5.0275,6.115,24.85,39075.0,0.836,0.056666666666666664,1.2125
#5 POMPANO CANAL US1,2008-12-31,5.0,3.74,5.276666666666666,23.133333333333336,36600.0,0.9700000000000001,0.04933333333333334,0.9500000000000001
#5 POMPANO CANAL US1,2009-12-31,5.0,5.03,5.4,17.895,28590.0,0.79425,0.042,1.05
#5 POMPANO CANAL US1,2010-12-31,5.0,4.242500000000001,5.8100000000000005,10.2675,25567.5,0.64,0.04425,0.9
#5 POMPANO CANAL US1,2011-12-31,5.0,5.41,5.63,24.8075,38750.0,0.51075,0.045,0.825
#5 POMPANO CANAL US1,2012-12-31,5.0,3.535,5.6225000000000005,19.335,31000.0,0.6195,0.052750000000000005,0.725
#5 POMPANO CANAL US1,2013-12-31,5.0,4.975,5.157500000000001,13.455,21543.0,0.98425,0.0425,0.925
#5 POMPANO CANAL US1,2015-12-31,5.0,1.41,5.12,7.84,13800.0,0.785,0.062,0.85
#5 POMPANO CANAL US1,2016-12-31,5.0,4.5375,5.05,9.5125,15392.5,1.2506666666666668,0.028249999999999997,0.9
#5 POMPANO CANAL US1,2018-12-31,5.0,6.8225,4.64,13.692499999999999,21877.5,1.135,0.07766666666666668,1.1625
#5 POMPANO CANAL US1,2019-12-31,5.0,5.512499999999999,4.93,19.5875,30830.0,0.570975,0.157,1.05
#5 POMPANO CANAL US1,2020-12-31,5.0,6.913333333333333,5.45,5.66,9676.666666666666,0.7741000000000001,0.048999999999999995,1.1500000000000001
#5 POMPANO CANAL US1,2021-12-31,5.0,4.9925,5.663333333333334,19.133333333333333,30866.666666666668,0.48975,0.111,0.575
#6 CYPRESS CREEK DIXIE HWY,2006-12-31,6.0,5.7425,6.44,0.275,571.25,0.9755,0.036,0.8666666666666667
#6 CYPRESS CREEK DIXIE HWY,2007-12-31,6.0,1.52625,6.1975,0.2725,566.75,1.0210000000000001,0.034999999999999996,0.55
#6 CYPRESS CREEK DIXIE HWY,2008-12-31,6.0,3.4866666666666664,6.676666666666667,0.2233333333333333,470.0,0.642,0.028333333333333335,0.8166666666666668
#6 CYPRESS CREEK DIXIE HWY,2009-12-31,6.0,5.8475,5.5525,0.3,623.75,1.44525,0.022866666666666664,0.8125
#6 CYPRESS CREEK DIXIE HWY,2010-12-31,6.0,5.175,5.575,0.24,494.75,1.05725,0.029,0.8
#6 CYPRESS CREEK DIXIE HWY,2011-12-31,6.0,4.4925,6.8675,0.3675,751.5,0.98775,0.027500000000000004,0.8500000000000001
#6 CYPRESS CREEK DIXIE HWY,2012-12-31,6.0,3.2525,5.8525,0.2075,434.75,1.06975,0.02725,0.5875
#6 CYPRESS CREEK DIXIE HWY,2013-12-31,6.0,2.8225,4.6375,0.29,600.5,1.3575,0.024,0.625
#6 CYPRESS CREEK DIXIE HWY,2015-12-31,6.0,2.5175,5.6425,0.3225,666.25,1.2725,0.029,0.625
#6 CYPRESS CREEK DIXIE HWY,2016-12-31,6.0,1.6400000000000001,5.407500000000001,0.2625,548.5,1.6203333333333332,0.013999999999999999,0.6875
#6 CYPRESS CREEK DIXIE HWY,2018-12-31,6.0,2.4425,4.96,0.245,511.0,1.129,0.009333333333333334,0.575
#6 CYPRESS CREEK DIXIE HWY,2019-12-31,6.0,2.885,5.2875,0.285,590.5,1.01095,0.01425,0.675
#6 CYPRESS CREEK DIXIE HWY,2020-12-31,6.0,4.7875,6.827500000000001,0.20750000000000002,441.5,0.7911,0.0235,1.2375
#6 CYPRESS CREEK DIXIE HWY,2021-12-31,6.0,3.175,5.716666666666666,0.2333333333333333,483.0,0.9105000000000001,0.021249999999999998,0.5375
#64 NORTH FORK AT SISTRUNK,2006-12-31,64.0,29.766666666666666,5.3825,0.7175,1409.25,1.54,0.13624999999999998,4.074999999999999
#64 NORTH FORK AT SISTRUNK,2007-12-31,64.0,30.333333333333332,5.7175,5.52,8978.25,1.2496666666666667,0.10333333333333333,6.3500000000000005
#64 NORTH FORK AT SISTRUNK,2008-12-31,64.0,29.2,5.2700000000000005,2.513333333333333,4470.0,1.1043333333333332,0.08933333333333333,4.366666666666666
#64 NORTH FORK AT SISTRUNK,2009-12-31,64.0,15.105,4.29,2.9274999999999998,4981.0,0.86725,0.06333333333333334,3.3666666666666667
#64 NORTH FORK AT SISTRUNK,2010-12-31,64.0,10.23,3.7024999999999997,0.4175,842.0,0.92275,0.06975,2.675
#64 NORTH FORK AT SISTRUNK,2011-12-31,64.0,29.9,5.6825,7.2625,12472.5,1.0342500000000001,0.1515,3.6
#64 NORTH FORK AT SISTRUNK,2012-12-31,64.0,10.303333333333333,4.645,4.04,7144.75,0.9299999999999999,0.08925000000000001,2.3
#64 NORTH FORK AT SISTRUNK,2013-12-31,64.0,25.564999999999998,5.465,4.295,7124.0,0.92025,0.09275,3.325
#64 NORTH FORK AT SISTRUNK,2015-12-31,64.0,30.2225,3.7620000000000005,5.914,10130.0,0.892,0.08366666666666667,3.325
#64 NORTH FORK AT SISTRUNK,2016-12-31,64.0,34.45,5.0675,2.2225,4092.5,0.962,0.07366666666666666,2.825
#64 NORTH FORK AT SISTRUNK,2018-12-31,64.0,31.8,4.6825,4.085,7166.25,0.8875,0.08533333333333333,3.65
#64 NORTH FORK AT SISTRUNK,2019-12-31,64.0,18.2725,4.386363636363637,5.046363636363637,8476.363636363636,0.8299916666666666,0.09008333333333333,1.9749999999999999
#64 NORTH FORK AT SISTRUNK,2020-12-31,64.0,17.526999999999997,4.021,1.8,3191.0,0.9639,0.0887,2.3400000000000003
#64 NORTH FORK AT SISTRUNK,2021-12-31,64.0,21.9875,4.083333333333333,2.3000000000000003,20116.666666666668,0.863,0.1095,2.05
#7 CYPRESS CREEK S. PALM AIRE,2006-12-31,7.0,6.8975,6.576666666666665,0.2875,598.25,1.1019999999999999,0.031625,0.8875000000000001
#7 CYPRESS CREEK S. PALM AIRE,2007-12-31,7.0,2.5975,6.32,0.2825,581.75,1.1023333333333334,0.026,0.5125
#7 CYPRESS CREEK S. PALM AIRE,2008-12-31,7.0,7.836666666666667,7.183333333333334,0.23666666666666666,493.0,0.7533333333333333,0.02666666666666667,1.1166666666666667
#7 CYPRESS CREEK S. PALM AIRE,2009-12-31,7.0,4.055,4.985,0.3,628.5,1.3975,0.02086666666666667,0.8625
#7 CYPRESS CREEK S. PALM AIRE,2010-12-31,7.0,5.935,5.6925,0.2375,492.75,1.12025,0.0315,0.7666666666666666
#7 CYPRESS CREEK S. PALM AIRE,2011-12-31,7.0,13.9775,7.68,0.34,700.25,1.03275,0.02475,1.325
#7 CYPRESS CREEK S. PALM AIRE,2012-12-31,7.0,7.2825,6.2825,0.225,467.0,1.26,0.03225,0.875
#7 CYPRESS CREEK S. PALM AIRE,2013-12-31,7.0,2.315,4.4725,0.27749999999999997,578.5,1.417,0.02275,0.725
#7 CYPRESS CREEK S. PALM AIRE,2015-12-31,7.0,3.71,5.8675,0.3225,667.0,1.2389999999999999,0.050499999999999996,0.875
#7 CYPRESS CREEK S. PALM AIRE,2016-12-31,7.0,1.6775,5.0225,0.265,548.0,1.5643333333333331,0.01325,0.625
#7 CYPRESS CREEK S. PALM AIRE,2018-12-31,7.0,2.5775,4.9,0.245,513.25,1.176,0.017666666666666667,0.5625
#7 CYPRESS CREEK S. PALM AIRE,2019-12-31,7.0,2.5725,5.6175,0.295,618.55,0.8537750000000001,0.01475,0.6375
#7 CYPRESS CREEK S. PALM AIRE,2020-12-31,7.0,7.8025,6.745,0.21,447.75,0.8246,0.02725,1.2625
#7 CYPRESS CREEK S. PALM AIRE,2021-12-31,7.0,2.9124999999999996,5.346666666666667,0.22999999999999998,473.0,0.933,0.0235,0.825
#8 POMPANO CANAL US 441,2006-12-31,8.0,4.79,6.7875,0.32499999999999996,676.625,1.385,0.018375000000000002,0.9875
#8 POMPANO CANAL US 441,2007-12-31,8.0,3.015,7.1675,0.3275,672.75,1.406666666666667,0.016666666666666666,0.65
#8 POMPANO CANAL US 441,2008-12-31,8.0,6.123333333333332,6.543333333333333,0.2866666666666667,596.0,1.1443333333333332,0.021,1.0666666666666667
#8 POMPANO CANAL US 441,2009-12-31,8.0,6.057499999999999,5.904999999999999,0.2975,618.25,1.44,0.0202,1.0375
#8 POMPANO CANAL US 441,2010-12-31,8.0,5.775,4.915,0.23249999999999998,490.25,1.1824999999999999,0.0225,1.075
#8 POMPANO CANAL US 441,2011-12-31,8.0,7.295,5.8625,0.33,681.25,1.4024999999999999,0.021,1.275
#8 POMPANO CANAL US 441,2012-12-31,8.0,4.1625,5.8225,0.2175,454.75,1.15,0.01675,0.7875000000000001
#8 POMPANO CANAL US 441,2013-12-31,8.0,1.9500000000000002,4.4825,0.2875,591.75,1.5045,0.0205,0.6
#8 POMPANO CANAL US 441,2015-12-31,8.0,2.9333333333333336,6.018,0.32799999999999996,674.4,1.2123333333333333,0.023999999999999997,0.7375
#8 POMPANO CANAL US 441,2016-12-31,8.0,1.5074999999999998,5.125,0.2675,560.25,1.5463333333333333,0.0075,0.6
#8 POMPANO CANAL US 441,2018-12-31,8.0,1.645,4.6875,0.2525,528.0,1.4135,0.016,0.7
#8 POMPANO CANAL US 441,2019-12-31,8.0,1.8825,5.0175,0.3375,697.5,1.00545,0.01625,0.725
#8 POMPANO CANAL US 441,2020-12-31,8.0,4.15,6.48,0.28500000000000003,591.25,1.115075,0.0175,0.6875
#8 POMPANO CANAL US 441,2021-12-31,8.0,3.4699999999999998,5.3133333333333335,0.22666666666666666,474.6666666666667,0.96925,0.0115,0.55
#89 NOB HILL RD POMPANO CANAL,2006-12-31,89.0,7.7,7.1274999999999995,0.34500000000000003,714.75,1.6800000000000002,0.020375,1.4
#89 NOB HILL RD POMPANO CANAL,2007-12-31,89.0,3.8075,6.275,0.3625,744.0,1.5966666666666667,0.031,1.2
#89 NOB HILL RD POMPANO CANAL,2008-12-31,89.0,7.553333333333334,5.669999999999999,0.31,645.3333333333334,1.337,0.023000000000000003,1.3666666666666665
#89 NOB HILL RD POMPANO CANAL,2009-12-31,89.0,9.86,5.7825,0.3,625.0,1.505,0.0172,1.375
#89 NOB HILL RD POMPANO CANAL,2010-12-31,89.0,6.41,5.195,0.22749999999999998,479.25,1.255,0.0158,1.0
#89 NOB HILL RD POMPANO CANAL,2011-12-31,89.0,7.567500000000001,5.695,0.34,705.75,1.66,0.02225,0.825
#89 NOB HILL RD POMPANO CANAL,2012-12-31,89.0,5.125,5.51,0.2475,508.5,1.315,0.01675,0.7625
#89 NOB HILL RD POMPANO CANAL,2013-12-31,89.0,3.0375,5.0375,0.28,582.75,1.5505,0.0205,0.7
#89 NOB HILL RD POMPANO CANAL,2015-12-31,89.0,5.245,5.7524999999999995,0.35,723.25,1.3345,0.042499999999999996,1.5
#89 NOB HILL RD POMPANO CANAL,2016-12-31,89.0,2.55,5.1025,0.27,564.75,1.6159999999999999,0.019,0.6
#89 NOB HILL RD POMPANO CANAL,2018-12-31,89.0,2.7175000000000002,4.3425,0.255,528.5,1.179,0.007,1.0125
#89 NOB HILL RD POMPANO CANAL,2019-12-31,89.0,3.3175,4.84,0.32,663.5,0.951425,0.01425,0.8125
#89 NOB HILL RD POMPANO CANAL,2020-12-31,89.0,2.7925,6.675,0.265,548.25,1.016025,0.011,0.4875
#89 NOB HILL RD POMPANO CANAL,2021-12-31,89.0,4.245,5.566666666666666,0.26,538.3333333333334,1.22775,0.02525,0.6375
